exp_name,dataset,method,order,seed,lr,task,tasks,task_learning_flops,core_training_flops,learning_auxiliary_flops,cumulative_learning_flops,terminal_epoch_flops,terminal_epoch_samples,terminal_flops_per_sample,summary_file,log_file
texture-all-4,texture,tagfex,1,52,0.01,1,4,2162138794458242,2153176232270554,8962562187688,2162138794458242,116621376350016,234,498381950213.7436,/nobackup/proj/disk/naiss2026-4-902/shared/yizhil/Avalanche/avalanche-master/search_result_texture-all-4/tagfex/order1/lr001/search_texture_tagfex__order-1__lr-001__seed-052__summary.json,/nobackup/proj/disk/naiss2026-4-902/shared/yizhil/Avalanche/avalanche-master/search_result_texture-all-4/tagfex/order1/lr001/log/search_texture_tagfex__order-1__lr-001__seed-052.log
texture-all-4,texture,tagfex,1,52,0.01,2,4,5977099244376284,5219163725850852,757935518525432,8139238038834526,333130976606648,471,707284451394.1571,/nobackup/proj/disk/naiss2026-4-902/shared/yizhil/Avalanche/avalanche-master/search_result_texture-all-4/tagfex/order1/lr001/search_texture_tagfex__order-1__lr-001__seed-052__summary.json,/nobackup/proj/disk/naiss2026-4-902/shared/yizhil/Avalanche/avalanche-master/search_result_texture-all-4/tagfex/order1/lr001/log/search_texture_tagfex__order-1__lr-001__seed-052.log
texture-all-4,texture,tagfex,1,52,0.01,3,4,10253368450748246,9068810913067558,1184557537680688,18392606489582772,591153920665824,719,822189041259.8386,/nobackup/proj/disk/naiss2026-4-902/shared/yizhil/Avalanche/avalanche-master/search_result_texture-all-4/tagfex/order1/lr001/search_texture_tagfex__order-1__lr-001__seed-052__summary.json,/nobackup/proj/disk/naiss2026-4-902/shared/yizhil/Avalanche/avalanche-master/search_result_texture-all-4/tagfex/order1/lr001/log/search_texture_tagfex__order-1__lr-001__seed-052.log
texture-all-4,texture,tagfex,1,52,0.01,4,4,15197719920715759,13579343162247778,1618376758467981,33590326410298531,899609802253451,960,937093544014.0115,/nobackup/proj/disk/naiss2026-4-902/shared/yizhil/Avalanche/avalanche-master/search_result_texture-all-4/tagfex/order1/lr001/search_texture_tagfex__order-1__lr-001__seed-052__summary.json,/nobackup/proj/disk/naiss2026-4-902/shared/yizhil/Avalanche/avalanche-master/search_result_texture-all-4/tagfex/order1/lr001/log/search_texture_tagfex__order-1__lr-001__seed-052.log
texture-all-4,texture,tagfex,1,52,0.05,1,4,2162138794458242,2153176232270554,8962562187688,2162138794458242,116621376350016,234,498381950213.7436,/nobackup/proj/disk/naiss2026-4-902/shared/yizhil/Avalanche/avalanche-master/search_result_texture-all-4/tagfex/order1/lr005/search_texture_tagfex__order-1__lr-005__seed-052__summary.json,/nobackup/proj/disk/naiss2026-4-902/shared/yizhil/Avalanche/avalanche-master/search_result_texture-all-4/tagfex/order1/lr005/log/search_texture_tagfex__order-1__lr-005__seed-052.log
texture-all-4,texture,tagfex,1,52,0.05,2,4,5977099244468034,5219163725942602,757935518525432,8139238038926276,333130976606648,471,707284451394.1571,/nobackup/proj/disk/naiss2026-4-902/shared/yizhil/Avalanche/avalanche-master/search_result_texture-all-4/tagfex/order1/lr005/search_texture_tagfex__order-1__lr-005__seed-052__summary.json,/nobackup/proj/disk/naiss2026-4-902/shared/yizhil/Avalanche/avalanche-master/search_result_texture-all-4/tagfex/order1/lr005/log/search_texture_tagfex__order-1__lr-005__seed-052.log
texture-all-4,texture,tagfex,1,52,0.05,3,4,10253368450958378,9068810913277690,1184557537680688,18392606489884654,591153920665824,719,822189041259.8386,/nobackup/proj/disk/naiss2026-4-902/shared/yizhil/Avalanche/avalanche-master/search_result_texture-all-4/tagfex/order1/lr005/search_texture_tagfex__order-1__lr-005__seed-052__summary.json,/nobackup/proj/disk/naiss2026-4-902/shared/yizhil/Avalanche/avalanche-master/search_result_texture-all-4/tagfex/order1/lr005/log/search_texture_tagfex__order-1__lr-005__seed-052.log
texture-all-4,texture,tagfex,1,52,0.05,4,4,15197719920843701,13579343162375720,1618376758467981,33590326410728355,899609802253451,960,937093544014.0115,/nobackup/proj/disk/naiss2026-4-902/shared/yizhil/Avalanche/avalanche-master/search_result_texture-all-4/tagfex/order1/lr005/search_texture_tagfex__order-1__lr-005__seed-052__summary.json,/nobackup/proj/disk/naiss2026-4-902/shared/yizhil/Avalanche/avalanche-master/search_result_texture-all-4/tagfex/order1/lr005/log/search_texture_tagfex__order-1__lr-005__seed-052.log
texture-all-4,texture,tagfex,1,52,0.1,1,4,2162138794458242,2153176232270554,8962562187688,2162138794458242,116621376350016,234,498381950213.7436,/nobackup/proj/disk/naiss2026-4-902/shared/yizhil/Avalanche/avalanche-master/search_result_texture-all-4/tagfex/order1/lr01/search_texture_tagfex__order-1__lr-01__seed-052__summary.json,/nobackup/proj/disk/naiss2026-4-902/shared/yizhil/Avalanche/avalanche-master/search_result_texture-all-4/tagfex/order1/lr01/log/search_texture_tagfex__order-1__lr-01__seed-052.log
texture-all-4,texture,tagfex,1,52,0.1,2,4,5977099244736216,5219163726210784,757935518525432,8139238039194458,333130976631874,471,707284451447.7155,/nobackup/proj/disk/naiss2026-4-902/shared/yizhil/Avalanche/avalanche-master/search_result_texture-all-4/tagfex/order1/lr01/search_texture_tagfex__order-1__lr-01__seed-052__summary.json,/nobackup/proj/disk/naiss2026-4-902/shared/yizhil/Avalanche/avalanche-master/search_result_texture-all-4/tagfex/order1/lr01/log/search_texture_tagfex__order-1__lr-01__seed-052.log
texture-all-4,texture,tagfex,1,52,0.1,3,4,10253368451252878,9068810913572190,1184557537680688,18392606490447336,591153920710534,719,822189041322.0222,/nobackup/proj/disk/naiss2026-4-902/shared/yizhil/Avalanche/avalanche-master/search_result_texture-all-4/tagfex/order1/lr01/search_texture_tagfex__order-1__lr-01__seed-052__summary.json,/nobackup/proj/disk/naiss2026-4-902/shared/yizhil/Avalanche/avalanche-master/search_result_texture-all-4/tagfex/order1/lr01/log/search_texture_tagfex__order-1__lr-01__seed-052.log
texture-all-4,texture,tagfex,1,52,0.1,4,4,15197719921198585,13579343162730604,1618376758467981,33590326411645921,899609802271893,960,937093544033.2219,/nobackup/proj/disk/naiss2026-4-902/shared/yizhil/Avalanche/avalanche-master/search_result_texture-all-4/tagfex/order1/lr01/search_texture_tagfex__order-1__lr-01__seed-052__summary.json,/nobackup/proj/disk/naiss2026-4-902/shared/yizhil/Avalanche/avalanche-master/search_result_texture-all-4/tagfex/order1/lr01/log/search_texture_tagfex__order-1__lr-01__seed-052.log
texture-all-4,texture,tagfex,1,53,0.01,1,4,2162138794458242,2153176232270554,8962562187688,2162138794458242,116621376350016,234,498381950213.7436,/nobackup/proj/disk/naiss2026-4-902/shared/yizhil/Avalanche/avalanche-master/search_result_texture-all-4/tagfex/order1/lr001/search_texture_tagfex__order-1__lr-001__seed-053__summary.json,/nobackup/proj/disk/naiss2026-4-902/shared/yizhil/Avalanche/avalanche-master/search_result_texture-all-4/tagfex/order1/lr001/log/search_texture_tagfex__order-1__lr-001__seed-053.log
texture-all-4,texture,tagfex,1,53,0.01,2,4,5977099244365784,5219163725840352,757935518525432,8139238038824026,333130976606648,471,707284451394.1571,/nobackup/proj/disk/naiss2026-4-902/shared/yizhil/Avalanche/avalanche-master/search_result_texture-all-4/tagfex/order1/lr001/search_texture_tagfex__order-1__lr-001__seed-053__summary.json,/nobackup/proj/disk/naiss2026-4-902/shared/yizhil/Avalanche/avalanche-master/search_result_texture-all-4/tagfex/order1/lr001/log/search_texture_tagfex__order-1__lr-001__seed-053.log
texture-all-4,texture,tagfex,1,53,0.01,3,4,10253368450774802,9068810913094114,1184557537680688,18392606489598828,591153920665824,719,822189041259.8386,/nobackup/proj/disk/naiss2026-4-902/shared/yizhil/Avalanche/avalanche-master/search_result_texture-all-4/tagfex/order1/lr001/search_texture_tagfex__order-1__lr-001__seed-053__summary.json,/nobackup/proj/disk/naiss2026-4-902/shared/yizhil/Avalanche/avalanche-master/search_result_texture-all-4/tagfex/order1/lr001/log/search_texture_tagfex__order-1__lr-001__seed-053.log
texture-all-4,texture,tagfex,1,53,0.01,4,4,15197719920722291,13579343162254310,1618376758467981,33590326410321119,899609802253451,960,937093544014.0115,/nobackup/proj/disk/naiss2026-4-902/shared/yizhil/Avalanche/avalanche-master/search_result_texture-all-4/tagfex/order1/lr001/search_texture_tagfex__order-1__lr-001__seed-053__summary.json,/nobackup/proj/disk/naiss2026-4-902/shared/yizhil/Avalanche/avalanche-master/search_result_texture-all-4/tagfex/order1/lr001/log/search_texture_tagfex__order-1__lr-001__seed-053.log
texture-all-4,texture,tagfex,1,53,0.05,1,4,2162138794458242,2153176232270554,8962562187688,2162138794458242,116621376350016,234,498381950213.7436,/nobackup/proj/disk/naiss2026-4-902/shared/yizhil/Avalanche/avalanche-master/search_result_texture-all-4/tagfex/order1/lr005/search_texture_tagfex__order-1__lr-005__seed-053__summary.json,/nobackup/proj/disk/naiss2026-4-902/shared/yizhil/Avalanche/avalanche-master/search_result_texture-all-4/tagfex/order1/lr005/log/search_texture_tagfex__order-1__lr-005__seed-053.log
texture-all-4,texture,tagfex,1,53,0.05,2,4,5977099244449614,5219163725924182,757935518525432,8139238038907856,333130976606648,471,707284451394.1571,/nobackup/proj/disk/naiss2026-4-902/shared/yizhil/Avalanche/avalanche-master/search_result_texture-all-4/tagfex/order1/lr005/search_texture_tagfex__order-1__lr-005__seed-053__summary.json,/nobackup/proj/disk/naiss2026-4-902/shared/yizhil/Avalanche/avalanche-master/search_result_texture-all-4/tagfex/order1/lr005/log/search_texture_tagfex__order-1__lr-005__seed-053.log
texture-all-4,texture,tagfex,1,53,0.05,3,4,10253368450964064,9068810913283376,1184557537680688,18392606489871920,591153920665824,719,822189041259.8386,/nobackup/proj/disk/naiss2026-4-902/shared/yizhil/Avalanche/avalanche-master/search_result_texture-all-4/tagfex/order1/lr005/search_texture_tagfex__order-1__lr-005__seed-053__summary.json,/nobackup/proj/disk/naiss2026-4-902/shared/yizhil/Avalanche/avalanche-master/search_result_texture-all-4/tagfex/order1/lr005/log/search_texture_tagfex__order-1__lr-005__seed-053.log
texture-all-4,texture,tagfex,1,53,0.05,4,4,15197719920643655,13579343162175674,1618376758467981,33590326410515575,899609802253451,960,937093544014.0115,/nobackup/proj/disk/naiss2026-4-902/shared/yizhil/Avalanche/avalanche-master/search_result_texture-all-4/tagfex/order1/lr005/search_texture_tagfex__order-1__lr-005__seed-053__summary.json,/nobackup/proj/disk/naiss2026-4-902/shared/yizhil/Avalanche/avalanche-master/search_result_texture-all-4/tagfex/order1/lr005/log/search_texture_tagfex__order-1__lr-005__seed-053.log
texture-all-4,texture,tagfex,1,53,0.1,1,4,2162138794458242,2153176232270554,8962562187688,2162138794458242,116621376350016,234,498381950213.7436,/nobackup/proj/disk/naiss2026-4-902/shared/yizhil/Avalanche/avalanche-master/search_result_texture-all-4/tagfex/order1/lr01/search_texture_tagfex__order-1__lr-01__seed-053__summary.json,/nobackup/proj/disk/naiss2026-4-902/shared/yizhil/Avalanche/avalanche-master/search_result_texture-all-4/tagfex/order1/lr01/log/search_texture_tagfex__order-1__lr-01__seed-053.log
texture-all-4,texture,tagfex,1,53,0.1,2,4,5977099245007988,5219163726482556,757935518525432,8139238039466230,333130976637018,471,707284451458.637,/nobackup/proj/disk/naiss2026-4-902/shared/yizhil/Avalanche/avalanche-master/search_result_texture-all-4/tagfex/order1/lr01/search_texture_tagfex__order-1__lr-01__seed-053__summary.json,/nobackup/proj/disk/naiss2026-4-902/shared/yizhil/Avalanche/avalanche-master/search_result_texture-all-4/tagfex/order1/lr01/log/search_texture_tagfex__order-1__lr-01__seed-053.log
texture-all-4,texture,tagfex,1,53,0.1,3,4,10253368450920154,9068810913239466,1184557537680688,18392606490386384,591153920685930,719,822189041287.8025,/nobackup/proj/disk/naiss2026-4-902/shared/yizhil/Avalanche/avalanche-master/search_result_texture-all-4/tagfex/order1/lr01/search_texture_tagfex__order-1__lr-01__seed-053__summary.json,/nobackup/proj/disk/naiss2026-4-902/shared/yizhil/Avalanche/avalanche-master/search_result_texture-all-4/tagfex/order1/lr01/log/search_texture_tagfex__order-1__lr-01__seed-053.log
texture-all-4,texture,tagfex,1,53,0.1,4,4,15197719920663249,13579343162195268,1618376758467981,33590326411049633,899609802253451,960,937093544014.0115,/nobackup/proj/disk/naiss2026-4-902/shared/yizhil/Avalanche/avalanche-master/search_result_texture-all-4/tagfex/order1/lr01/search_texture_tagfex__order-1__lr-01__seed-053__summary.json,/nobackup/proj/disk/naiss2026-4-902/shared/yizhil/Avalanche/avalanche-master/search_result_texture-all-4/tagfex/order1/lr01/log/search_texture_tagfex__order-1__lr-01__seed-053.log
texture-all-4,texture,tagfex,1,54,0.01,1,4,2162138794458242,2153176232270554,8962562187688,2162138794458242,116621376350016,234,498381950213.7436,/nobackup/proj/disk/naiss2026-4-902/shared/yizhil/Avalanche/avalanche-master/search_result_texture-all-4/tagfex/order1/lr001/search_texture_tagfex__order-1__lr-001__seed-054__summary.json,/nobackup/proj/disk/naiss2026-4-902/shared/yizhil/Avalanche/avalanche-master/search_result_texture-all-4/tagfex/order1/lr001/log/search_texture_tagfex__order-1__lr-001__seed-054.log
texture-all-4,texture,tagfex,1,54,0.01,2,4,5977099244381150,5219163725855718,757935518525432,8139238038839392,333130976606648,471,707284451394.1571,/nobackup/proj/disk/naiss2026-4-902/shared/yizhil/Avalanche/avalanche-master/search_result_texture-all-4/tagfex/order1/lr001/search_texture_tagfex__order-1__lr-001__seed-054__summary.json,/nobackup/proj/disk/naiss2026-4-902/shared/yizhil/Avalanche/avalanche-master/search_result_texture-all-4/tagfex/order1/lr001/log/search_texture_tagfex__order-1__lr-001__seed-054.log
texture-all-4,texture,tagfex,1,54,0.01,3,4,10253368450820762,9068810913140074,1184557537680688,18392606489660154,591153920665824,719,822189041259.8386,/nobackup/proj/disk/naiss2026-4-902/shared/yizhil/Avalanche/avalanche-master/search_result_texture-all-4/tagfex/order1/lr001/search_texture_tagfex__order-1__lr-001__seed-054__summary.json,/nobackup/proj/disk/naiss2026-4-902/shared/yizhil/Avalanche/avalanche-master/search_result_texture-all-4/tagfex/order1/lr001/log/search_texture_tagfex__order-1__lr-001__seed-054.log
texture-all-4,texture,tagfex,1,54,0.01,4,4,15197719920702183,13579343162234202,1618376758467981,33590326410362337,899609802253451,960,937093544014.0115,/nobackup/proj/disk/naiss2026-4-902/shared/yizhil/Avalanche/avalanche-master/search_result_texture-all-4/tagfex/order1/lr001/search_texture_tagfex__order-1__lr-001__seed-054__summary.json,/nobackup/proj/disk/naiss2026-4-902/shared/yizhil/Avalanche/avalanche-master/search_result_texture-all-4/tagfex/order1/lr001/log/search_texture_tagfex__order-1__lr-001__seed-054.log
texture-all-4,texture,tagfex,1,54,0.05,1,4,2162138794458242,2153176232270554,8962562187688,2162138794458242,116621376350016,234,498381950213.7436,/nobackup/proj/disk/naiss2026-4-902/shared/yizhil/Avalanche/avalanche-master/search_result_texture-all-4/tagfex/order1/lr005/search_texture_tagfex__order-1__lr-005__seed-054__summary.json,/nobackup/proj/disk/naiss2026-4-902/shared/yizhil/Avalanche/avalanche-master/search_result_texture-all-4/tagfex/order1/lr005/log/search_texture_tagfex__order-1__lr-005__seed-054.log
texture-all-4,texture,tagfex,1,54,0.05,2,4,5977099244457662,5219163725932230,757935518525432,8139238038915904,333130976606648,471,707284451394.1571,/nobackup/proj/disk/naiss2026-4-902/shared/yizhil/Avalanche/avalanche-master/search_result_texture-all-4/tagfex/order1/lr005/search_texture_tagfex__order-1__lr-005__seed-054__summary.json,/nobackup/proj/disk/naiss2026-4-902/shared/yizhil/Avalanche/avalanche-master/search_result_texture-all-4/tagfex/order1/lr005/log/search_texture_tagfex__order-1__lr-005__seed-054.log
texture-all-4,texture,tagfex,1,54,0.05,3,4,10253368450779524,9068810913098836,1184557537680688,18392606489695428,591153920665824,719,822189041259.8386,/nobackup/proj/disk/naiss2026-4-902/shared/yizhil/Avalanche/avalanche-master/search_result_texture-all-4/tagfex/order1/lr005/search_texture_tagfex__order-1__lr-005__seed-054__summary.json,/nobackup/proj/disk/naiss2026-4-902/shared/yizhil/Avalanche/avalanche-master/search_result_texture-all-4/tagfex/order1/lr005/log/search_texture_tagfex__order-1__lr-005__seed-054.log
texture-all-4,texture,tagfex,1,54,0.05,4,4,15197719920792857,13579343162324876,1618376758467981,33590326410488285,899609802253451,960,937093544014.0115,/nobackup/proj/disk/naiss2026-4-902/shared/yizhil/Avalanche/avalanche-master/search_result_texture-all-4/tagfex/order1/lr005/search_texture_tagfex__order-1__lr-005__seed-054__summary.json,/nobackup/proj/disk/naiss2026-4-902/shared/yizhil/Avalanche/avalanche-master/search_result_texture-all-4/tagfex/order1/lr005/log/search_texture_tagfex__order-1__lr-005__seed-054.log
texture-all-4,texture,tagfex,1,54,0.1,1,4,2162138794458242,2153176232270554,8962562187688,2162138794458242,116621376350016,234,498381950213.7436,/nobackup/proj/disk/naiss2026-4-902/shared/yizhil/Avalanche/avalanche-master/search_result_texture-all-4/tagfex/order1/lr01/search_texture_tagfex__order-1__lr-01__seed-054__summary.json,/nobackup/proj/disk/naiss2026-4-902/shared/yizhil/Avalanche/avalanche-master/search_result_texture-all-4/tagfex/order1/lr01/log/search_texture_tagfex__order-1__lr-01__seed-054.log
texture-all-4,texture,tagfex,1,54,0.1,2,4,5977099245013664,5219163726488232,757935518525432,8139238039471906,333130976630850,471,707284451445.5414,/nobackup/proj/disk/naiss2026-4-902/shared/yizhil/Avalanche/avalanche-master/search_result_texture-all-4/tagfex/order1/lr01/search_texture_tagfex__order-1__lr-01__seed-054__summary.json,/nobackup/proj/disk/naiss2026-4-902/shared/yizhil/Avalanche/avalanche-master/search_result_texture-all-4/tagfex/order1/lr01/log/search_texture_tagfex__order-1__lr-01__seed-054.log
texture-all-4,texture,tagfex,1,54,0.1,3,4,10253368451596440,9068810913915752,1184557537680688,18392606491068346,591153920710534,719,822189041322.0222,/nobackup/proj/disk/naiss2026-4-902/shared/yizhil/Avalanche/avalanche-master/search_result_texture-all-4/tagfex/order1/lr01/search_texture_tagfex__order-1__lr-01__seed-054__summary.json,/nobackup/proj/disk/naiss2026-4-902/shared/yizhil/Avalanche/avalanche-master/search_result_texture-all-4/tagfex/order1/lr01/log/search_texture_tagfex__order-1__lr-01__seed-054.log
texture-all-4,texture,tagfex,1,54,0.1,4,4,15197719921344201,13579343162876220,1618376758467981,33590326412412547,899609802270741,960,937093544032.0219,/nobackup/proj/disk/naiss2026-4-902/shared/yizhil/Avalanche/avalanche-master/search_result_texture-all-4/tagfex/order1/lr01/search_texture_tagfex__order-1__lr-01__seed-054__summary.json,/nobackup/proj/disk/naiss2026-4-902/shared/yizhil/Avalanche/avalanche-master/search_result_texture-all-4/tagfex/order1/lr01/log/search_texture_tagfex__order-1__lr-01__seed-054.log
texture-all-4,texture,tagfex,1,55,0.01,1,4,2162138794458242,2153176232270554,8962562187688,2162138794458242,116621376350016,234,498381950213.7436,/nobackup/proj/disk/naiss2026-4-902/shared/yizhil/Avalanche/avalanche-master/search_result_texture-all-4/tagfex/order1/lr001/search_texture_tagfex__order-1__lr-001__seed-055__summary.json,/nobackup/proj/disk/naiss2026-4-902/shared/yizhil/Avalanche/avalanche-master/search_result_texture-all-4/tagfex/order1/lr001/log/search_texture_tagfex__order-1__lr-001__seed-055.log
texture-all-4,texture,tagfex,1,55,0.01,2,4,5977099244377970,5219163725852538,757935518525432,8139238038836212,333130976606648,471,707284451394.1571,/nobackup/proj/disk/naiss2026-4-902/shared/yizhil/Avalanche/avalanche-master/search_result_texture-all-4/tagfex/order1/lr001/search_texture_tagfex__order-1__lr-001__seed-055__summary.json,/nobackup/proj/disk/naiss2026-4-902/shared/yizhil/Avalanche/avalanche-master/search_result_texture-all-4/tagfex/order1/lr001/log/search_texture_tagfex__order-1__lr-001__seed-055.log
texture-all-4,texture,tagfex,1,55,0.01,3,4,10253368450737616,9068810913056928,1184557537680688,18392606489573828,591153920665824,719,822189041259.8386,/nobackup/proj/disk/naiss2026-4-902/shared/yizhil/Avalanche/avalanche-master/search_result_texture-all-4/tagfex/order1/lr001/search_texture_tagfex__order-1__lr-001__seed-055__summary.json,/nobackup/proj/disk/naiss2026-4-902/shared/yizhil/Avalanche/avalanche-master/search_result_texture-all-4/tagfex/order1/lr001/log/search_texture_tagfex__order-1__lr-001__seed-055.log
texture-all-4,texture,tagfex,1,55,0.01,4,4,15197719920819879,13579343162351898,1618376758467981,33590326410393707,899609802253451,960,937093544014.0115,/nobackup/proj/disk/naiss2026-4-902/shared/yizhil/Avalanche/avalanche-master/search_result_texture-all-4/tagfex/order1/lr001/search_texture_tagfex__order-1__lr-001__seed-055__summary.json,/nobackup/proj/disk/naiss2026-4-902/shared/yizhil/Avalanche/avalanche-master/search_result_texture-all-4/tagfex/order1/lr001/log/search_texture_tagfex__order-1__lr-001__seed-055.log
texture-all-4,texture,tagfex,1,55,0.05,1,4,2162138794458242,2153176232270554,8962562187688,2162138794458242,116621376350016,234,498381950213.7436,/nobackup/proj/disk/naiss2026-4-902/shared/yizhil/Avalanche/avalanche-master/search_result_texture-all-4/tagfex/order1/lr005/search_texture_tagfex__order-1__lr-005__seed-055__summary.json,/nobackup/proj/disk/naiss2026-4-902/shared/yizhil/Avalanche/avalanche-master/search_result_texture-all-4/tagfex/order1/lr005/log/search_texture_tagfex__order-1__lr-005__seed-055.log
texture-all-4,texture,tagfex,1,55,0.05,2,4,5977099244893124,5219163726367692,757935518525432,8139238039351366,333130976632792,471,707284451449.6646,/nobackup/proj/disk/naiss2026-4-902/shared/yizhil/Avalanche/avalanche-master/search_result_texture-all-4/tagfex/order1/lr005/search_texture_tagfex__order-1__lr-005__seed-055__summary.json,/nobackup/proj/disk/naiss2026-4-902/shared/yizhil/Avalanche/avalanche-master/search_result_texture-all-4/tagfex/order1/lr005/log/search_texture_tagfex__order-1__lr-005__seed-055.log
texture-all-4,texture,tagfex,1,55,0.05,3,4,10253368450904674,9068810913223986,1184557537680688,18392606490256040,591153920665824,719,822189041259.8386,/nobackup/proj/disk/naiss2026-4-902/shared/yizhil/Avalanche/avalanche-master/search_result_texture-all-4/tagfex/order1/lr005/search_texture_tagfex__order-1__lr-005__seed-055__summary.json,/nobackup/proj/disk/naiss2026-4-902/shared/yizhil/Avalanche/avalanche-master/search_result_texture-all-4/tagfex/order1/lr005/log/search_texture_tagfex__order-1__lr-005__seed-055.log
texture-all-4,texture,tagfex,1,55,0.05,4,4,15197719920660047,13579343162192066,1618376758467981,33590326410916087,899609802253451,960,937093544014.0115,/nobackup/proj/disk/naiss2026-4-902/shared/yizhil/Avalanche/avalanche-master/search_result_texture-all-4/tagfex/order1/lr005/search_texture_tagfex__order-1__lr-005__seed-055__summary.json,/nobackup/proj/disk/naiss2026-4-902/shared/yizhil/Avalanche/avalanche-master/search_result_texture-all-4/tagfex/order1/lr005/log/search_texture_tagfex__order-1__lr-005__seed-055.log
texture-all-4,texture,tagfex,1,55,0.1,1,4,2162138794458242,2153176232270554,8962562187688,2162138794458242,116621376350016,234,498381950213.7436,/nobackup/proj/disk/naiss2026-4-902/shared/yizhil/Avalanche/avalanche-master/search_result_texture-all-4/tagfex/order1/lr01/search_texture_tagfex__order-1__lr-01__seed-055__summary.json,/nobackup/proj/disk/naiss2026-4-902/shared/yizhil/Avalanche/avalanche-master/search_result_texture-all-4/tagfex/order1/lr01/log/search_texture_tagfex__order-1__lr-01__seed-055.log
texture-all-4,texture,tagfex,1,55,0.1,2,4,5977099245001434,5219163726476002,757935518525432,8139238039459676,333130976616892,471,707284451415.9066,/nobackup/proj/disk/naiss2026-4-902/shared/yizhil/Avalanche/avalanche-master/search_result_texture-all-4/tagfex/order1/lr01/search_texture_tagfex__order-1__lr-01__seed-055__summary.json,/nobackup/proj/disk/naiss2026-4-902/shared/yizhil/Avalanche/avalanche-master/search_result_texture-all-4/tagfex/order1/lr01/log/search_texture_tagfex__order-1__lr-01__seed-055.log
texture-all-4,texture,tagfex,1,55,0.1,3,4,10253368451425766,9068810913745078,1184557537680688,18392606490885442,591153920701170,719,822189041308.9987,/nobackup/proj/disk/naiss2026-4-902/shared/yizhil/Avalanche/avalanche-master/search_result_texture-all-4/tagfex/order1/lr01/search_texture_tagfex__order-1__lr-01__seed-055__summary.json,/nobackup/proj/disk/naiss2026-4-902/shared/yizhil/Avalanche/avalanche-master/search_result_texture-all-4/tagfex/order1/lr01/log/search_texture_tagfex__order-1__lr-01__seed-055.log
texture-all-4,texture,tagfex,1,55,0.1,4,4,15197719921412597,13579343162944616,1618376758467981,33590326412298039,899609802299557,960,937093544062.0386,/nobackup/proj/disk/naiss2026-4-902/shared/yizhil/Avalanche/avalanche-master/search_result_texture-all-4/tagfex/order1/lr01/search_texture_tagfex__order-1__lr-01__seed-055__summary.json,/nobackup/proj/disk/naiss2026-4-902/shared/yizhil/Avalanche/avalanche-master/search_result_texture-all-4/tagfex/order1/lr01/log/search_texture_tagfex__order-1__lr-01__seed-055.log
texture-all-4,texture,tagfex,1,56,0.01,1,4,2162138794458242,2153176232270554,8962562187688,2162138794458242,116621376350016,234,498381950213.7436,/nobackup/proj/disk/naiss2026-4-902/shared/yizhil/Avalanche/avalanche-master/search_result_texture-all-4/tagfex/order1/lr001/search_texture_tagfex__order-1__lr-001__seed-056__summary.json,/nobackup/proj/disk/naiss2026-4-902/shared/yizhil/Avalanche/avalanche-master/search_result_texture-all-4/tagfex/order1/lr001/log/search_texture_tagfex__order-1__lr-001__seed-056.log
texture-all-4,texture,tagfex,1,56,0.01,2,4,5977099244382452,5219163725857020,757935518525432,8139238038840694,333130976606648,471,707284451394.1571,/nobackup/proj/disk/naiss2026-4-902/shared/yizhil/Avalanche/avalanche-master/search_result_texture-all-4/tagfex/order1/lr001/search_texture_tagfex__order-1__lr-001__seed-056__summary.json,/nobackup/proj/disk/naiss2026-4-902/shared/yizhil/Avalanche/avalanche-master/search_result_texture-all-4/tagfex/order1/lr001/log/search_texture_tagfex__order-1__lr-001__seed-056.log
texture-all-4,texture,tagfex,1,56,0.01,3,4,10253368450728780,9068810913048092,1184557537680688,18392606489569474,591153920665824,719,822189041259.8386,/nobackup/proj/disk/naiss2026-4-902/shared/yizhil/Avalanche/avalanche-master/search_result_texture-all-4/tagfex/order1/lr001/search_texture_tagfex__order-1__lr-001__seed-056__summary.json,/nobackup/proj/disk/naiss2026-4-902/shared/yizhil/Avalanche/avalanche-master/search_result_texture-all-4/tagfex/order1/lr001/log/search_texture_tagfex__order-1__lr-001__seed-056.log
texture-all-4,texture,tagfex,1,56,0.01,4,4,15197719920752899,13579343162284918,1618376758467981,33590326410322373,899609802253451,960,937093544014.0115,/nobackup/proj/disk/naiss2026-4-902/shared/yizhil/Avalanche/avalanche-master/search_result_texture-all-4/tagfex/order1/lr001/search_texture_tagfex__order-1__lr-001__seed-056__summary.json,/nobackup/proj/disk/naiss2026-4-902/shared/yizhil/Avalanche/avalanche-master/search_result_texture-all-4/tagfex/order1/lr001/log/search_texture_tagfex__order-1__lr-001__seed-056.log
texture-all-4,texture,tagfex,1,56,0.05,1,4,2162138794458242,2153176232270554,8962562187688,2162138794458242,116621376350016,234,498381950213.7436,/nobackup/proj/disk/naiss2026-4-902/shared/yizhil/Avalanche/avalanche-master/search_result_texture-all-4/tagfex/order1/lr005/search_texture_tagfex__order-1__lr-005__seed-056__summary.json,/nobackup/proj/disk/naiss2026-4-902/shared/yizhil/Avalanche/avalanche-master/search_result_texture-all-4/tagfex/order1/lr005/log/search_texture_tagfex__order-1__lr-005__seed-056.log
texture-all-4,texture,tagfex,1,56,0.05,2,4,5977099244584774,5219163726059342,757935518525432,8139238039043016,333130976606648,471,707284451394.1571,/nobackup/proj/disk/naiss2026-4-902/shared/yizhil/Avalanche/avalanche-master/search_result_texture-all-4/tagfex/order1/lr005/search_texture_tagfex__order-1__lr-005__seed-056__summary.json,/nobackup/proj/disk/naiss2026-4-902/shared/yizhil/Avalanche/avalanche-master/search_result_texture-all-4/tagfex/order1/lr005/log/search_texture_tagfex__order-1__lr-005__seed-056.log
texture-all-4,texture,tagfex,1,56,0.05,3,4,10253368450904786,9068810913224098,1184557537680688,18392606489947802,591153920665824,719,822189041259.8386,/nobackup/proj/disk/naiss2026-4-902/shared/yizhil/Avalanche/avalanche-master/search_result_texture-all-4/tagfex/order1/lr005/search_texture_tagfex__order-1__lr-005__seed-056__summary.json,/nobackup/proj/disk/naiss2026-4-902/shared/yizhil/Avalanche/avalanche-master/search_result_texture-all-4/tagfex/order1/lr005/log/search_texture_tagfex__order-1__lr-005__seed-056.log
texture-all-4,texture,tagfex,1,56,0.05,4,4,15197719920771085,13579343162303104,1618376758467981,33590326410718887,899609802253451,960,937093544014.0115,/nobackup/proj/disk/naiss2026-4-902/shared/yizhil/Avalanche/avalanche-master/search_result_texture-all-4/tagfex/order1/lr005/search_texture_tagfex__order-1__lr-005__seed-056__summary.json,/nobackup/proj/disk/naiss2026-4-902/shared/yizhil/Avalanche/avalanche-master/search_result_texture-all-4/tagfex/order1/lr005/log/search_texture_tagfex__order-1__lr-005__seed-056.log
texture-all-4,texture,tagfex,1,56,0.1,1,4,2162138794458242,2153176232270554,8962562187688,2162138794458242,116621376350016,234,498381950213.7436,/nobackup/proj/disk/naiss2026-4-902/shared/yizhil/Avalanche/avalanche-master/search_result_texture-all-4/tagfex/order1/lr01/search_texture_tagfex__order-1__lr-01__seed-056__summary.json,/nobackup/proj/disk/naiss2026-4-902/shared/yizhil/Avalanche/avalanche-master/search_result_texture-all-4/tagfex/order1/lr01/log/search_texture_tagfex__order-1__lr-01__seed-056.log
texture-all-4,texture,tagfex,1,56,0.1,2,4,5977099245061534,5219163726536102,757935518525432,8139238039519776,333130976642652,471,707284451470.5988,/nobackup/proj/disk/naiss2026-4-902/shared/yizhil/Avalanche/avalanche-master/search_result_texture-all-4/tagfex/order1/lr01/search_texture_tagfex__order-1__lr-01__seed-056__summary.json,/nobackup/proj/disk/naiss2026-4-902/shared/yizhil/Avalanche/avalanche-master/search_result_texture-all-4/tagfex/order1/lr01/log/search_texture_tagfex__order-1__lr-01__seed-056.log
texture-all-4,texture,tagfex,1,56,0.1,3,4,10253368451398358,9068810913717670,1184557537680688,18392606490918134,591153920677350,719,822189041275.8693,/nobackup/proj/disk/naiss2026-4-902/shared/yizhil/Avalanche/avalanche-master/search_result_texture-all-4/tagfex/order1/lr01/search_texture_tagfex__order-1__lr-01__seed-056__summary.json,/nobackup/proj/disk/naiss2026-4-902/shared/yizhil/Avalanche/avalanche-master/search_result_texture-all-4/tagfex/order1/lr01/log/search_texture_tagfex__order-1__lr-01__seed-056.log
texture-all-4,texture,tagfex,1,56,0.1,4,4,15197719920683613,13579343162215632,1618376758467981,33590326411601747,899609802253451,960,937093544014.0115,/nobackup/proj/disk/naiss2026-4-902/shared/yizhil/Avalanche/avalanche-master/search_result_texture-all-4/tagfex/order1/lr01/search_texture_tagfex__order-1__lr-01__seed-056__summary.json,/nobackup/proj/disk/naiss2026-4-902/shared/yizhil/Avalanche/avalanche-master/search_result_texture-all-4/tagfex/order1/lr01/log/search_texture_tagfex__order-1__lr-01__seed-056.log
texture-all-4,texture,tagfex,2,52,0.01,1,4,2273018143876562,2263595961840634,9422182035928,2273018143876562,122601982676760,246,498382043401.46344,/nobackup/proj/disk/naiss2026-4-902/shared/yizhil/Avalanche/avalanche-master/search_result_texture-all-4/tagfex/order2/lr001/search_texture_tagfex__order-2__lr-001__seed-052__summary.json,/nobackup/proj/disk/naiss2026-4-902/shared/yizhil/Avalanche/avalanche-master/search_result_texture-all-4/tagfex/order2/lr001/log/search_texture_tagfex__order-2__lr-001__seed-052.log
texture-all-4,texture,tagfex,2,52,0.01,2,4,6091310580595361,5318892261884090,772418318711271,8364328724471923,339496497008823,480,707284368768.3812,/nobackup/proj/disk/naiss2026-4-902/shared/yizhil/Avalanche/avalanche-master/search_result_texture-all-4/tagfex/order2/lr001/search_texture_tagfex__order-2__lr-001__seed-052__summary.json,/nobackup/proj/disk/naiss2026-4-902/shared/yizhil/Avalanche/avalanche-master/search_result_texture-all-4/tagfex/order2/lr001/log/search_texture_tagfex__order-2__lr-001__seed-052.log
texture-all-4,texture,tagfex,2,52,0.01,3,4,10210587251892186,9030972171440792,1179615080451394,18574915976364109,588687376233990,716,822189072952.5,/nobackup/proj/disk/naiss2026-4-902/shared/yizhil/Avalanche/avalanche-master/search_result_texture-all-4/tagfex/order2/lr001/search_texture_tagfex__order-2__lr-001__seed-052__summary.json,/nobackup/proj/disk/naiss2026-4-902/shared/yizhil/Avalanche/avalanche-master/search_result_texture-all-4/tagfex/order2/lr001/log/search_texture_tagfex__order-2__lr-001__seed-052.log
texture-all-4,texture,tagfex,2,52,0.01,4,4,15197719923120497,13579343162199012,1618376760921485,33772635899484606,899609804707123,960,937093546569.9198,/nobackup/proj/disk/naiss2026-4-902/shared/yizhil/Avalanche/avalanche-master/search_result_texture-all-4/tagfex/order2/lr001/search_texture_tagfex__order-2__lr-001__seed-052__summary.json,/nobackup/proj/disk/naiss2026-4-902/shared/yizhil/Avalanche/avalanche-master/search_result_texture-all-4/tagfex/order2/lr001/log/search_texture_tagfex__order-2__lr-001__seed-052.log
texture-all-4,texture,tagfex,2,52,0.05,1,4,2273018143876562,2263595961840634,9422182035928,2273018143876562,122601982676760,246,498382043401.46344,/nobackup/proj/disk/naiss2026-4-902/shared/yizhil/Avalanche/avalanche-master/search_result_texture-all-4/tagfex/order2/lr005/search_texture_tagfex__order-2__lr-005__seed-052__summary.json,/nobackup/proj/disk/naiss2026-4-902/shared/yizhil/Avalanche/avalanche-master/search_result_texture-all-4/tagfex/order2/lr005/log/search_texture_tagfex__order-2__lr-005__seed-052.log
texture-all-4,texture,tagfex,2,52,0.05,2,4,6091310581062003,5318892262350732,772418318711271,8364328724938565,339496497014201,480,707284368779.5854,/nobackup/proj/disk/naiss2026-4-902/shared/yizhil/Avalanche/avalanche-master/search_result_texture-all-4/tagfex/order2/lr005/search_texture_tagfex__order-2__lr-005__seed-052__summary.json,/nobackup/proj/disk/naiss2026-4-902/shared/yizhil/Avalanche/avalanche-master/search_result_texture-all-4/tagfex/order2/lr005/log/search_texture_tagfex__order-2__lr-005__seed-052.log
texture-all-4,texture,tagfex,2,52,0.05,3,4,10210587252462864,9030972172011470,1179615080451394,18574915977401429,588687376260116,716,822189072988.9888,/nobackup/proj/disk/naiss2026-4-902/shared/yizhil/Avalanche/avalanche-master/search_result_texture-all-4/tagfex/order2/lr005/search_texture_tagfex__order-2__lr-005__seed-052__summary.json,/nobackup/proj/disk/naiss2026-4-902/shared/yizhil/Avalanche/avalanche-master/search_result_texture-all-4/tagfex/order2/lr005/log/search_texture_tagfex__order-2__lr-005__seed-052.log
texture-all-4,texture,tagfex,2,52,0.05,4,4,15197719923359603,13579343162438118,1618376760921485,33772635900761032,899609804707123,960,937093546569.9198,/nobackup/proj/disk/naiss2026-4-902/shared/yizhil/Avalanche/avalanche-master/search_result_texture-all-4/tagfex/order2/lr005/search_texture_tagfex__order-2__lr-005__seed-052__summary.json,/nobackup/proj/disk/naiss2026-4-902/shared/yizhil/Avalanche/avalanche-master/search_result_texture-all-4/tagfex/order2/lr005/log/search_texture_tagfex__order-2__lr-005__seed-052.log
texture-all-4,texture,tagfex,2,52,0.1,1,4,2273018143876562,2263595961840634,9422182035928,2273018143876562,122601982676760,246,498382043401.46344,/nobackup/proj/disk/naiss2026-4-902/shared/yizhil/Avalanche/avalanche-master/search_result_texture-all-4/tagfex/order2/lr01/search_texture_tagfex__order-2__lr-01__seed-052__summary.json,/nobackup/proj/disk/naiss2026-4-902/shared/yizhil/Avalanche/avalanche-master/search_result_texture-all-4/tagfex/order2/lr01/log/search_texture_tagfex__order-2__lr-01__seed-052.log
texture-all-4,texture,tagfex,2,52,0.1,2,4,6091310581230015,5318892262518744,772418318711271,8364328725106577,339496497044551,480,707284368842.8146,/nobackup/proj/disk/naiss2026-4-902/shared/yizhil/Avalanche/avalanche-master/search_result_texture-all-4/tagfex/order2/lr01/search_texture_tagfex__order-2__lr-01__seed-052__summary.json,/nobackup/proj/disk/naiss2026-4-902/shared/yizhil/Avalanche/avalanche-master/search_result_texture-all-4/tagfex/order2/lr01/log/search_texture_tagfex__order-2__lr-01__seed-052.log
texture-all-4,texture,tagfex,2,52,0.1,3,4,10210587252724862,9030972172273468,1179615080451394,18574915977831439,588687376277110,716,822189073012.7235,/nobackup/proj/disk/naiss2026-4-902/shared/yizhil/Avalanche/avalanche-master/search_result_texture-all-4/tagfex/order2/lr01/search_texture_tagfex__order-2__lr-01__seed-052__summary.json,/nobackup/proj/disk/naiss2026-4-902/shared/yizhil/Avalanche/avalanche-master/search_result_texture-all-4/tagfex/order2/lr01/log/search_texture_tagfex__order-2__lr-01__seed-052.log
texture-all-4,texture,tagfex,2,52,0.1,4,4,15197719924045681,13579343163124196,1618376760921485,33772635901877120,899609804753741,960,937093546618.4802,/nobackup/proj/disk/naiss2026-4-902/shared/yizhil/Avalanche/avalanche-master/search_result_texture-all-4/tagfex/order2/lr01/search_texture_tagfex__order-2__lr-01__seed-052__summary.json,/nobackup/proj/disk/naiss2026-4-902/shared/yizhil/Avalanche/avalanche-master/search_result_texture-all-4/tagfex/order2/lr01/log/search_texture_tagfex__order-2__lr-01__seed-052.log
texture-all-4,texture,tagfex,2,53,0.01,1,4,2273018143876562,2263595961840634,9422182035928,2273018143876562,122601982676760,246,498382043401.46344,/nobackup/proj/disk/naiss2026-4-902/shared/yizhil/Avalanche/avalanche-master/search_result_texture-all-4/tagfex/order2/lr001/search_texture_tagfex__order-2__lr-001__seed-053__summary.json,/nobackup/proj/disk/naiss2026-4-902/shared/yizhil/Avalanche/avalanche-master/search_result_texture-all-4/tagfex/order2/lr001/log/search_texture_tagfex__order-2__lr-001__seed-053.log
texture-all-4,texture,tagfex,2,53,0.01,2,4,6091310580600613,5318892261889342,772418318711271,8364328724477175,339496497008823,480,707284368768.3812,/nobackup/proj/disk/naiss2026-4-902/shared/yizhil/Avalanche/avalanche-master/search_result_texture-all-4/tagfex/order2/lr001/search_texture_tagfex__order-2__lr-001__seed-053__summary.json,/nobackup/proj/disk/naiss2026-4-902/shared/yizhil/Avalanche/avalanche-master/search_result_texture-all-4/tagfex/order2/lr001/log/search_texture_tagfex__order-2__lr-001__seed-053.log
texture-all-4,texture,tagfex,2,53,0.01,3,4,10210448651854254,9030833571402860,1179615080451394,18574777376331429,588687376233990,716,822189072952.5,/nobackup/proj/disk/naiss2026-4-902/shared/yizhil/Avalanche/avalanche-master/search_result_texture-all-4/tagfex/order2/lr001/search_texture_tagfex__order-2__lr-001__seed-053__summary.json,/nobackup/proj/disk/naiss2026-4-902/shared/yizhil/Avalanche/avalanche-master/search_result_texture-all-4/tagfex/order2/lr001/log/search_texture_tagfex__order-2__lr-001__seed-053.log
texture-all-4,texture,tagfex,2,53,0.01,4,4,15197719923098341,13579343162176856,1618376760921485,33772497299429770,899609804707123,960,937093546569.9198,/nobackup/proj/disk/naiss2026-4-902/shared/yizhil/Avalanche/avalanche-master/search_result_texture-all-4/tagfex/order2/lr001/search_texture_tagfex__order-2__lr-001__seed-053__summary.json,/nobackup/proj/disk/naiss2026-4-902/shared/yizhil/Avalanche/avalanche-master/search_result_texture-all-4/tagfex/order2/lr001/log/search_texture_tagfex__order-2__lr-001__seed-053.log
texture-all-4,texture,tagfex,2,53,0.05,1,4,2273018143876562,2263595961840634,9422182035928,2273018143876562,122601982676760,246,498382043401.46344,/nobackup/proj/disk/naiss2026-4-902/shared/yizhil/Avalanche/avalanche-master/search_result_texture-all-4/tagfex/order2/lr005/search_texture_tagfex__order-2__lr-005__seed-053__summary.json,/nobackup/proj/disk/naiss2026-4-902/shared/yizhil/Avalanche/avalanche-master/search_result_texture-all-4/tagfex/order2/lr005/log/search_texture_tagfex__order-2__lr-005__seed-053.log
texture-all-4,texture,tagfex,2,53,0.05,2,4,6091310581030501,5318892262319230,772418318711271,8364328724907063,339496497029441,480,707284368811.3354,/nobackup/proj/disk/naiss2026-4-902/shared/yizhil/Avalanche/avalanche-master/search_result_texture-all-4/tagfex/order2/lr005/search_texture_tagfex__order-2__lr-005__seed-053__summary.json,/nobackup/proj/disk/naiss2026-4-902/shared/yizhil/Avalanche/avalanche-master/search_result_texture-all-4/tagfex/order2/lr005/log/search_texture_tagfex__order-2__lr-005__seed-053.log
texture-all-4,texture,tagfex,2,53,0.05,3,4,10210448652443116,9030833571991722,1179615080451394,18574777377350179,588687376269170,716,822189073001.634,/nobackup/proj/disk/naiss2026-4-902/shared/yizhil/Avalanche/avalanche-master/search_result_texture-all-4/tagfex/order2/lr005/search_texture_tagfex__order-2__lr-005__seed-053__summary.json,/nobackup/proj/disk/naiss2026-4-902/shared/yizhil/Avalanche/avalanche-master/search_result_texture-all-4/tagfex/order2/lr005/log/search_texture_tagfex__order-2__lr-005__seed-053.log
texture-all-4,texture,tagfex,2,53,0.05,4,4,15197719923242421,13579343162320936,1618376760921485,33772497300592600,899609804707123,960,937093546569.9198,/nobackup/proj/disk/naiss2026-4-902/shared/yizhil/Avalanche/avalanche-master/search_result_texture-all-4/tagfex/order2/lr005/search_texture_tagfex__order-2__lr-005__seed-053__summary.json,/nobackup/proj/disk/naiss2026-4-902/shared/yizhil/Avalanche/avalanche-master/search_result_texture-all-4/tagfex/order2/lr005/log/search_texture_tagfex__order-2__lr-005__seed-053.log
texture-all-4,texture,tagfex,2,53,0.1,1,4,2273018143876562,2263595961840634,9422182035928,2273018143876562,122601982676760,246,498382043401.46344,/nobackup/proj/disk/naiss2026-4-902/shared/yizhil/Avalanche/avalanche-master/search_result_texture-all-4/tagfex/order2/lr01/search_texture_tagfex__order-2__lr-01__seed-053__summary.json,/nobackup/proj/disk/naiss2026-4-902/shared/yizhil/Avalanche/avalanche-master/search_result_texture-all-4/tagfex/order2/lr01/log/search_texture_tagfex__order-2__lr-01__seed-053.log
texture-all-4,texture,tagfex,2,53,0.1,2,4,6091310581201715,5318892262490444,772418318711271,8364328725078277,339496497044551,480,707284368842.8146,/nobackup/proj/disk/naiss2026-4-902/shared/yizhil/Avalanche/avalanche-master/search_result_texture-all-4/tagfex/order2/lr01/search_texture_tagfex__order-2__lr-01__seed-053__summary.json,/nobackup/proj/disk/naiss2026-4-902/shared/yizhil/Avalanche/avalanche-master/search_result_texture-all-4/tagfex/order2/lr01/log/search_texture_tagfex__order-2__lr-01__seed-053.log
texture-all-4,texture,tagfex,2,53,0.1,3,4,10210448652640352,9030833572188958,1179615080451394,18574777377718629,588687376272756,716,822189073006.6425,/nobackup/proj/disk/naiss2026-4-902/shared/yizhil/Avalanche/avalanche-master/search_result_texture-all-4/tagfex/order2/lr01/search_texture_tagfex__order-2__lr-01__seed-053__summary.json,/nobackup/proj/disk/naiss2026-4-902/shared/yizhil/Avalanche/avalanche-master/search_result_texture-all-4/tagfex/order2/lr01/log/search_texture_tagfex__order-2__lr-01__seed-053.log
texture-all-4,texture,tagfex,2,53,0.1,4,4,15197719924107409,13579343163185924,1618376760921485,33772497301826038,899609804754893,960,937093546619.6802,/nobackup/proj/disk/naiss2026-4-902/shared/yizhil/Avalanche/avalanche-master/search_result_texture-all-4/tagfex/order2/lr01/search_texture_tagfex__order-2__lr-01__seed-053__summary.json,/nobackup/proj/disk/naiss2026-4-902/shared/yizhil/Avalanche/avalanche-master/search_result_texture-all-4/tagfex/order2/lr01/log/search_texture_tagfex__order-2__lr-01__seed-053.log
texture-all-4,texture,tagfex,2,54,0.01,1,4,2273018143876562,2263595961840634,9422182035928,2273018143876562,122601982676760,246,498382043401.46344,/nobackup/proj/disk/naiss2026-4-902/shared/yizhil/Avalanche/avalanche-master/search_result_texture-all-4/tagfex/order2/lr001/search_texture_tagfex__order-2__lr-001__seed-054__summary.json,/nobackup/proj/disk/naiss2026-4-902/shared/yizhil/Avalanche/avalanche-master/search_result_texture-all-4/tagfex/order2/lr001/log/search_texture_tagfex__order-2__lr-001__seed-054.log
texture-all-4,texture,tagfex,2,54,0.01,2,4,6091310580596003,5318892261884732,772418318711271,8364328724472565,339496497008823,480,707284368768.3812,/nobackup/proj/disk/naiss2026-4-902/shared/yizhil/Avalanche/avalanche-master/search_result_texture-all-4/tagfex/order2/lr001/search_texture_tagfex__order-2__lr-001__seed-054__summary.json,/nobackup/proj/disk/naiss2026-4-902/shared/yizhil/Avalanche/avalanche-master/search_result_texture-all-4/tagfex/order2/lr001/log/search_texture_tagfex__order-2__lr-001__seed-054.log
texture-all-4,texture,tagfex,2,54,0.01,3,4,10210587251945730,9030972171494336,1179615080451394,18574915976418295,588687376233990,716,822189072952.5,/nobackup/proj/disk/naiss2026-4-902/shared/yizhil/Avalanche/avalanche-master/search_result_texture-all-4/tagfex/order2/lr001/search_texture_tagfex__order-2__lr-001__seed-054__summary.json,/nobackup/proj/disk/naiss2026-4-902/shared/yizhil/Avalanche/avalanche-master/search_result_texture-all-4/tagfex/order2/lr001/log/search_texture_tagfex__order-2__lr-001__seed-054.log
texture-all-4,texture,tagfex,2,54,0.01,4,4,15197719923102183,13579343162180698,1618376760921485,33772635899520478,899609804707123,960,937093546569.9198,/nobackup/proj/disk/naiss2026-4-902/shared/yizhil/Avalanche/avalanche-master/search_result_texture-all-4/tagfex/order2/lr001/search_texture_tagfex__order-2__lr-001__seed-054__summary.json,/nobackup/proj/disk/naiss2026-4-902/shared/yizhil/Avalanche/avalanche-master/search_result_texture-all-4/tagfex/order2/lr001/log/search_texture_tagfex__order-2__lr-001__seed-054.log
texture-all-4,texture,tagfex,2,54,0.05,1,4,2273018143876562,2263595961840634,9422182035928,2273018143876562,122601982676760,246,498382043401.46344,/nobackup/proj/disk/naiss2026-4-902/shared/yizhil/Avalanche/avalanche-master/search_result_texture-all-4/tagfex/order2/lr005/search_texture_tagfex__order-2__lr-005__seed-054__summary.json,/nobackup/proj/disk/naiss2026-4-902/shared/yizhil/Avalanche/avalanche-master/search_result_texture-all-4/tagfex/order2/lr005/log/search_texture_tagfex__order-2__lr-005__seed-054.log
texture-all-4,texture,tagfex,2,54,0.05,2,4,6091310580663105,5318892261951834,772418318711271,8364328724539667,339496497008823,480,707284368768.3812,/nobackup/proj/disk/naiss2026-4-902/shared/yizhil/Avalanche/avalanche-master/search_result_texture-all-4/tagfex/order2/lr005/search_texture_tagfex__order-2__lr-005__seed-054__summary.json,/nobackup/proj/disk/naiss2026-4-902/shared/yizhil/Avalanche/avalanche-master/search_result_texture-all-4/tagfex/order2/lr005/log/search_texture_tagfex__order-2__lr-005__seed-054.log
texture-all-4,texture,tagfex,2,54,0.05,3,4,10210587252583358,9030972172131964,1179615080451394,18574915977123025,588687376265622,716,822189072996.6787,/nobackup/proj/disk/naiss2026-4-902/shared/yizhil/Avalanche/avalanche-master/search_result_texture-all-4/tagfex/order2/lr005/search_texture_tagfex__order-2__lr-005__seed-054__summary.json,/nobackup/proj/disk/naiss2026-4-902/shared/yizhil/Avalanche/avalanche-master/search_result_texture-all-4/tagfex/order2/lr005/log/search_texture_tagfex__order-2__lr-005__seed-054.log
texture-all-4,texture,tagfex,2,54,0.05,4,4,15197719923266369,13579343162344884,1618376760921485,33772635900389394,899609804707123,960,937093546569.9198,/nobackup/proj/disk/naiss2026-4-902/shared/yizhil/Avalanche/avalanche-master/search_result_texture-all-4/tagfex/order2/lr005/search_texture_tagfex__order-2__lr-005__seed-054__summary.json,/nobackup/proj/disk/naiss2026-4-902/shared/yizhil/Avalanche/avalanche-master/search_result_texture-all-4/tagfex/order2/lr005/log/search_texture_tagfex__order-2__lr-005__seed-054.log
texture-all-4,texture,tagfex,2,54,0.1,1,4,2273018143876562,2263595961840634,9422182035928,2273018143876562,122601982676760,246,498382043401.46344,/nobackup/proj/disk/naiss2026-4-902/shared/yizhil/Avalanche/avalanche-master/search_result_texture-all-4/tagfex/order2/lr01/search_texture_tagfex__order-2__lr-01__seed-054__summary.json,/nobackup/proj/disk/naiss2026-4-902/shared/yizhil/Avalanche/avalanche-master/search_result_texture-all-4/tagfex/order2/lr01/log/search_texture_tagfex__order-2__lr-01__seed-054.log
texture-all-4,texture,tagfex,2,54,0.1,2,4,6091310581158689,5318892262447418,772418318711271,8364328725035251,339496497025215,480,707284368802.5312,/nobackup/proj/disk/naiss2026-4-902/shared/yizhil/Avalanche/avalanche-master/search_result_texture-all-4/tagfex/order2/lr01/search_texture_tagfex__order-2__lr-01__seed-054__summary.json,/nobackup/proj/disk/naiss2026-4-902/shared/yizhil/Avalanche/avalanche-master/search_result_texture-all-4/tagfex/order2/lr01/log/search_texture_tagfex__order-2__lr-01__seed-054.log
texture-all-4,texture,tagfex,2,54,0.1,3,4,10210587252726450,9030972172275056,1179615080451394,18574915977761701,588687376277110,716,822189073012.7235,/nobackup/proj/disk/naiss2026-4-902/shared/yizhil/Avalanche/avalanche-master/search_result_texture-all-4/tagfex/order2/lr01/search_texture_tagfex__order-2__lr-01__seed-054__summary.json,/nobackup/proj/disk/naiss2026-4-902/shared/yizhil/Avalanche/avalanche-master/search_result_texture-all-4/tagfex/order2/lr01/log/search_texture_tagfex__order-2__lr-01__seed-054.log
texture-all-4,texture,tagfex,2,54,0.1,4,4,15197719924172471,13579343163250986,1618376760921485,33772635901934172,899609804761425,960,937093546626.4844,/nobackup/proj/disk/naiss2026-4-902/shared/yizhil/Avalanche/avalanche-master/search_result_texture-all-4/tagfex/order2/lr01/search_texture_tagfex__order-2__lr-01__seed-054__summary.json,/nobackup/proj/disk/naiss2026-4-902/shared/yizhil/Avalanche/avalanche-master/search_result_texture-all-4/tagfex/order2/lr01/log/search_texture_tagfex__order-2__lr-01__seed-054.log
texture-all-4,texture,tagfex,2,55,0.01,1,4,2273018143876562,2263595961840634,9422182035928,2273018143876562,122601982676760,246,498382043401.46344,/nobackup/proj/disk/naiss2026-4-902/shared/yizhil/Avalanche/avalanche-master/search_result_texture-all-4/tagfex/order2/lr001/search_texture_tagfex__order-2__lr-001__seed-055__summary.json,/nobackup/proj/disk/naiss2026-4-902/shared/yizhil/Avalanche/avalanche-master/search_result_texture-all-4/tagfex/order2/lr001/log/search_texture_tagfex__order-2__lr-001__seed-055.log
texture-all-4,texture,tagfex,2,55,0.01,2,4,6091310580591265,5318892261879994,772418318711271,8364328724467827,339496497008823,480,707284368768.3812,/nobackup/proj/disk/naiss2026-4-902/shared/yizhil/Avalanche/avalanche-master/search_result_texture-all-4/tagfex/order2/lr001/search_texture_tagfex__order-2__lr-001__seed-055__summary.json,/nobackup/proj/disk/naiss2026-4-902/shared/yizhil/Avalanche/avalanche-master/search_result_texture-all-4/tagfex/order2/lr001/log/search_texture_tagfex__order-2__lr-001__seed-055.log
texture-all-4,texture,tagfex,2,55,0.01,3,4,10210587251899524,9030972171448130,1179615080451394,18574915976367351,588687376233990,716,822189072952.5,/nobackup/proj/disk/naiss2026-4-902/shared/yizhil/Avalanche/avalanche-master/search_result_texture-all-4/tagfex/order2/lr001/search_texture_tagfex__order-2__lr-001__seed-055__summary.json,/nobackup/proj/disk/naiss2026-4-902/shared/yizhil/Avalanche/avalanche-master/search_result_texture-all-4/tagfex/order2/lr001/log/search_texture_tagfex__order-2__lr-001__seed-055.log
texture-all-4,texture,tagfex,2,55,0.01,4,4,15197719923107947,13579343162186462,1618376760921485,33772635899475298,899609804707123,960,937093546569.9198,/nobackup/proj/disk/naiss2026-4-902/shared/yizhil/Avalanche/avalanche-master/search_result_texture-all-4/tagfex/order2/lr001/search_texture_tagfex__order-2__lr-001__seed-055__summary.json,/nobackup/proj/disk/naiss2026-4-902/shared/yizhil/Avalanche/avalanche-master/search_result_texture-all-4/tagfex/order2/lr001/log/search_texture_tagfex__order-2__lr-001__seed-055.log
texture-all-4,texture,tagfex,2,55,0.05,1,4,2273018143876562,2263595961840634,9422182035928,2273018143876562,122601982676760,246,498382043401.46344,/nobackup/proj/disk/naiss2026-4-902/shared/yizhil/Avalanche/avalanche-master/search_result_texture-all-4/tagfex/order2/lr005/search_texture_tagfex__order-2__lr-005__seed-055__summary.json,/nobackup/proj/disk/naiss2026-4-902/shared/yizhil/Avalanche/avalanche-master/search_result_texture-all-4/tagfex/order2/lr005/log/search_texture_tagfex__order-2__lr-005__seed-055.log
texture-all-4,texture,tagfex,2,55,0.05,2,4,6091310580798203,5318892262086932,772418318711271,8364328724674765,339496497008823,480,707284368768.3812,/nobackup/proj/disk/naiss2026-4-902/shared/yizhil/Avalanche/avalanche-master/search_result_texture-all-4/tagfex/order2/lr005/search_texture_tagfex__order-2__lr-005__seed-055__summary.json,/nobackup/proj/disk/naiss2026-4-902/shared/yizhil/Avalanche/avalanche-master/search_result_texture-all-4/tagfex/order2/lr005/log/search_texture_tagfex__order-2__lr-005__seed-055.log
texture-all-4,texture,tagfex,2,55,0.05,3,4,10210587252484414,9030972172033020,1179615080451394,18574915977159179,588687376233990,716,822189072952.5,/nobackup/proj/disk/naiss2026-4-902/shared/yizhil/Avalanche/avalanche-master/search_result_texture-all-4/tagfex/order2/lr005/search_texture_tagfex__order-2__lr-005__seed-055__summary.json,/nobackup/proj/disk/naiss2026-4-902/shared/yizhil/Avalanche/avalanche-master/search_result_texture-all-4/tagfex/order2/lr005/log/search_texture_tagfex__order-2__lr-005__seed-055.log
texture-all-4,texture,tagfex,2,55,0.05,4,4,15197719923522125,13579343162600640,1618376760921485,33772635900681304,899609804707123,960,937093546569.9198,/nobackup/proj/disk/naiss2026-4-902/shared/yizhil/Avalanche/avalanche-master/search_result_texture-all-4/tagfex/order2/lr005/search_texture_tagfex__order-2__lr-005__seed-055__summary.json,/nobackup/proj/disk/naiss2026-4-902/shared/yizhil/Avalanche/avalanche-master/search_result_texture-all-4/tagfex/order2/lr005/log/search_texture_tagfex__order-2__lr-005__seed-055.log
texture-all-4,texture,tagfex,2,55,0.1,1,4,2273018143876562,2263595961840634,9422182035928,2273018143876562,122601982676760,246,498382043401.46344,/nobackup/proj/disk/naiss2026-4-902/shared/yizhil/Avalanche/avalanche-master/search_result_texture-all-4/tagfex/order2/lr01/search_texture_tagfex__order-2__lr-01__seed-055__summary.json,/nobackup/proj/disk/naiss2026-4-902/shared/yizhil/Avalanche/avalanche-master/search_result_texture-all-4/tagfex/order2/lr01/log/search_texture_tagfex__order-2__lr-01__seed-055.log
texture-all-4,texture,tagfex,2,55,0.1,2,4,6091310581201073,5318892262489802,772418318711271,8364328725077635,339496497044551,480,707284368842.8146,/nobackup/proj/disk/naiss2026-4-902/shared/yizhil/Avalanche/avalanche-master/search_result_texture-all-4/tagfex/order2/lr01/search_texture_tagfex__order-2__lr-01__seed-055__summary.json,/nobackup/proj/disk/naiss2026-4-902/shared/yizhil/Avalanche/avalanche-master/search_result_texture-all-4/tagfex/order2/lr01/log/search_texture_tagfex__order-2__lr-01__seed-055.log
texture-all-4,texture,tagfex,2,55,0.1,3,4,10210587252668512,9030972172217118,1179615080451394,18574915977746147,588687376268658,716,822189073000.919,/nobackup/proj/disk/naiss2026-4-902/shared/yizhil/Avalanche/avalanche-master/search_result_texture-all-4/tagfex/order2/lr01/search_texture_tagfex__order-2__lr-01__seed-055__summary.json,/nobackup/proj/disk/naiss2026-4-902/shared/yizhil/Avalanche/avalanche-master/search_result_texture-all-4/tagfex/order2/lr01/log/search_texture_tagfex__order-2__lr-01__seed-055.log
texture-all-4,texture,tagfex,2,55,0.1,4,4,15197719923822839,13579343162901354,1618376760921485,33772635901568986,899609804750795,960,937093546615.4115,/nobackup/proj/disk/naiss2026-4-902/shared/yizhil/Avalanche/avalanche-master/search_result_texture-all-4/tagfex/order2/lr01/search_texture_tagfex__order-2__lr-01__seed-055__summary.json,/nobackup/proj/disk/naiss2026-4-902/shared/yizhil/Avalanche/avalanche-master/search_result_texture-all-4/tagfex/order2/lr01/log/search_texture_tagfex__order-2__lr-01__seed-055.log
texture-all-4,texture,tagfex,2,56,0.01,1,4,2273018143876562,2263595961840634,9422182035928,2273018143876562,122601982676760,246,498382043401.46344,/nobackup/proj/disk/naiss2026-4-902/shared/yizhil/Avalanche/avalanche-master/search_result_texture-all-4/tagfex/order2/lr001/search_texture_tagfex__order-2__lr-001__seed-056__summary.json,/nobackup/proj/disk/naiss2026-4-902/shared/yizhil/Avalanche/avalanche-master/search_result_texture-all-4/tagfex/order2/lr001/log/search_texture_tagfex__order-2__lr-001__seed-056.log
texture-all-4,texture,tagfex,2,56,0.01,2,4,6091310580620845,5318892261909574,772418318711271,8364328724497407,339496497008823,480,707284368768.3812,/nobackup/proj/disk/naiss2026-4-902/shared/yizhil/Avalanche/avalanche-master/search_result_texture-all-4/tagfex/order2/lr001/search_texture_tagfex__order-2__lr-001__seed-056__summary.json,/nobackup/proj/disk/naiss2026-4-902/shared/yizhil/Avalanche/avalanche-master/search_result_texture-all-4/tagfex/order2/lr001/log/search_texture_tagfex__order-2__lr-001__seed-056.log
texture-all-4,texture,tagfex,2,56,0.01,3,4,10210587251888728,9030972171437334,1179615080451394,18574915976386135,588687376233990,716,822189072952.5,/nobackup/proj/disk/naiss2026-4-902/shared/yizhil/Avalanche/avalanche-master/search_result_texture-all-4/tagfex/order2/lr001/search_texture_tagfex__order-2__lr-001__seed-056__summary.json,/nobackup/proj/disk/naiss2026-4-902/shared/yizhil/Avalanche/avalanche-master/search_result_texture-all-4/tagfex/order2/lr001/log/search_texture_tagfex__order-2__lr-001__seed-056.log
texture-all-4,texture,tagfex,2,56,0.01,4,4,15197719923140733,13579343162219248,1618376760921485,33772635899526868,899609804707123,960,937093546569.9198,/nobackup/proj/disk/naiss2026-4-902/shared/yizhil/Avalanche/avalanche-master/search_result_texture-all-4/tagfex/order2/lr001/search_texture_tagfex__order-2__lr-001__seed-056__summary.json,/nobackup/proj/disk/naiss2026-4-902/shared/yizhil/Avalanche/avalanche-master/search_result_texture-all-4/tagfex/order2/lr001/log/search_texture_tagfex__order-2__lr-001__seed-056.log
texture-all-4,texture,tagfex,2,56,0.05,1,4,2273018143876562,2263595961840634,9422182035928,2273018143876562,122601982676760,246,498382043401.46344,/nobackup/proj/disk/naiss2026-4-902/shared/yizhil/Avalanche/avalanche-master/search_result_texture-all-4/tagfex/order2/lr005/search_texture_tagfex__order-2__lr-005__seed-056__summary.json,/nobackup/proj/disk/naiss2026-4-902/shared/yizhil/Avalanche/avalanche-master/search_result_texture-all-4/tagfex/order2/lr005/log/search_texture_tagfex__order-2__lr-005__seed-056.log
texture-all-4,texture,tagfex,2,56,0.05,2,4,6091310580978125,5318892262266854,772418318711271,8364328724854687,339496497039685,480,707284368832.6771,/nobackup/proj/disk/naiss2026-4-902/shared/yizhil/Avalanche/avalanche-master/search_result_texture-all-4/tagfex/order2/lr005/search_texture_tagfex__order-2__lr-005__seed-056__summary.json,/nobackup/proj/disk/naiss2026-4-902/shared/yizhil/Avalanche/avalanche-master/search_result_texture-all-4/tagfex/order2/lr005/log/search_texture_tagfex__order-2__lr-005__seed-056.log
texture-all-4,texture,tagfex,2,56,0.05,3,4,10210587252457484,9030972172006090,1179615080451394,18574915977312171,588687376268914,716,822189073001.2765,/nobackup/proj/disk/naiss2026-4-902/shared/yizhil/Avalanche/avalanche-master/search_result_texture-all-4/tagfex/order2/lr005/search_texture_tagfex__order-2__lr-005__seed-056__summary.json,/nobackup/proj/disk/naiss2026-4-902/shared/yizhil/Avalanche/avalanche-master/search_result_texture-all-4/tagfex/order2/lr005/log/search_texture_tagfex__order-2__lr-005__seed-056.log
texture-all-4,texture,tagfex,2,56,0.05,4,4,15197719923640719,13579343162719234,1618376760921485,33772635900952890,899609804732993,960,937093546596.8677,/nobackup/proj/disk/naiss2026-4-902/shared/yizhil/Avalanche/avalanche-master/search_result_texture-all-4/tagfex/order2/lr005/search_texture_tagfex__order-2__lr-005__seed-056__summary.json,/nobackup/proj/disk/naiss2026-4-902/shared/yizhil/Avalanche/avalanche-master/search_result_texture-all-4/tagfex/order2/lr005/log/search_texture_tagfex__order-2__lr-005__seed-056.log
texture-all-4,texture,tagfex,2,56,0.1,1,4,2273018143876562,2263595961840634,9422182035928,2273018143876562,122601982676760,246,498382043401.46344,/nobackup/proj/disk/naiss2026-4-902/shared/yizhil/Avalanche/avalanche-master/search_result_texture-all-4/tagfex/order2/lr01/search_texture_tagfex__order-2__lr-01__seed-056__summary.json,/nobackup/proj/disk/naiss2026-4-902/shared/yizhil/Avalanche/avalanche-master/search_result_texture-all-4/tagfex/order2/lr01/log/search_texture_tagfex__order-2__lr-01__seed-056.log
texture-all-4,texture,tagfex,2,56,0.1,2,4,6091310581123983,5318892262412712,772418318711271,8364328725000545,339496497028415,480,707284368809.1979,/nobackup/proj/disk/naiss2026-4-902/shared/yizhil/Avalanche/avalanche-master/search_result_texture-all-4/tagfex/order2/lr01/search_texture_tagfex__order-2__lr-01__seed-056__summary.json,/nobackup/proj/disk/naiss2026-4-902/shared/yizhil/Avalanche/avalanche-master/search_result_texture-all-4/tagfex/order2/lr01/log/search_texture_tagfex__order-2__lr-01__seed-056.log
texture-all-4,texture,tagfex,2,56,0.1,3,4,10210587252395168,9030972171943774,1179615080451394,18574915977395713,588687376233990,716,822189072952.5,/nobackup/proj/disk/naiss2026-4-902/shared/yizhil/Avalanche/avalanche-master/search_result_texture-all-4/tagfex/order2/lr01/search_texture_tagfex__order-2__lr-01__seed-056__summary.json,/nobackup/proj/disk/naiss2026-4-902/shared/yizhil/Avalanche/avalanche-master/search_result_texture-all-4/tagfex/order2/lr01/log/search_texture_tagfex__order-2__lr-01__seed-056.log
texture-all-4,texture,tagfex,2,56,0.1,4,4,15197719923679267,13579343162757782,1618376760921485,33772635901074980,899609804707123,960,937093546569.9198,/nobackup/proj/disk/naiss2026-4-902/shared/yizhil/Avalanche/avalanche-master/search_result_texture-all-4/tagfex/order2/lr01/search_texture_tagfex__order-2__lr-01__seed-056__summary.json,/nobackup/proj/disk/naiss2026-4-902/shared/yizhil/Avalanche/avalanche-master/search_result_texture-all-4/tagfex/order2/lr01/log/search_texture_tagfex__order-2__lr-01__seed-056.log
texture-all-4,texture,tagfex,3,52,0.01,1,4,2208338437362542,2199184366891954,9154070470588,2208338437362542,119113291363986,239,498381972234.25104,/nobackup/proj/disk/naiss2026-4-902/shared/yizhil/Avalanche/avalanche-master/search_result_texture-all-4/tagfex/order3/lr001/search_texture_tagfex__order-3__lr-001__seed-052__summary.json,/nobackup/proj/disk/naiss2026-4-902/shared/yizhil/Avalanche/avalanche-master/search_result_texture-all-4/tagfex/order3/lr001/log/search_texture_tagfex__order-3__lr-001__seed-052.log
texture-all-4,texture,tagfex,3,52,0.01,2,4,6116690969856111,5341054232732026,775636737124085,8325029407218653,340911065463685,482,707284368181.9191,/nobackup/proj/disk/naiss2026-4-902/shared/yizhil/Avalanche/avalanche-master/search_result_texture-all-4/tagfex/order3/lr001/search_texture_tagfex__order-3__lr-001__seed-052__summary.json,/nobackup/proj/disk/naiss2026-4-902/shared/yizhil/Avalanche/avalanche-master/search_result_texture-all-4/tagfex/order3/lr001/log/search_texture_tagfex__order-3__lr-001__seed-052.log
texture-all-4,texture,tagfex,3,52,0.01,3,4,10310410147398804,9119262662680892,1191147484717912,18635439554617457,594442637902848,723,822188987417.4938,/nobackup/proj/disk/naiss2026-4-902/shared/yizhil/Avalanche/avalanche-master/search_result_texture-all-4/tagfex/order3/lr001/search_texture_tagfex__order-3__lr-001__seed-052__summary.json,/nobackup/proj/disk/naiss2026-4-902/shared/yizhil/Avalanche/avalanche-master/search_result_texture-all-4/tagfex/order3/lr001/log/search_texture_tagfex__order-3__lr-001__seed-052.log
texture-all-4,texture,tagfex,3,52,0.01,4,4,15197719917499253,13579343162254824,1618376755244429,33833159472116710,899609799029675,960,937093540655.9115,/nobackup/proj/disk/naiss2026-4-902/shared/yizhil/Avalanche/avalanche-master/search_result_texture-all-4/tagfex/order3/lr001/search_texture_tagfex__order-3__lr-001__seed-052__summary.json,/nobackup/proj/disk/naiss2026-4-902/shared/yizhil/Avalanche/avalanche-master/search_result_texture-all-4/tagfex/order3/lr001/log/search_texture_tagfex__order-3__lr-001__seed-052.log
texture-all-4,texture,tagfex,3,52,0.05,1,4,2208338437362542,2199184366891954,9154070470588,2208338437362542,119113291363986,239,498381972234.25104,/nobackup/proj/disk/naiss2026-4-902/shared/yizhil/Avalanche/avalanche-master/search_result_texture-all-4/tagfex/order3/lr005/search_texture_tagfex__order-3__lr-005__seed-052__summary.json,/nobackup/proj/disk/naiss2026-4-902/shared/yizhil/Avalanche/avalanche-master/search_result_texture-all-4/tagfex/order3/lr005/log/search_texture_tagfex__order-3__lr-005__seed-052.log
texture-all-4,texture,tagfex,3,52,0.05,2,4,6116690969851807,5341054232727722,775636737124085,8325029407214349,340911065463685,482,707284368181.9191,/nobackup/proj/disk/naiss2026-4-902/shared/yizhil/Avalanche/avalanche-master/search_result_texture-all-4/tagfex/order3/lr005/search_texture_tagfex__order-3__lr-005__seed-052__summary.json,/nobackup/proj/disk/naiss2026-4-902/shared/yizhil/Avalanche/avalanche-master/search_result_texture-all-4/tagfex/order3/lr005/log/search_texture_tagfex__order-3__lr-005__seed-052.log
texture-all-4,texture,tagfex,3,52,0.05,3,4,10310410147629806,9119262662911894,1191147484717912,18635439554844155,594442637904216,723,822188987419.3859,/nobackup/proj/disk/naiss2026-4-902/shared/yizhil/Avalanche/avalanche-master/search_result_texture-all-4/tagfex/order3/lr005/search_texture_tagfex__order-3__lr-005__seed-052__summary.json,/nobackup/proj/disk/naiss2026-4-902/shared/yizhil/Avalanche/avalanche-master/search_result_texture-all-4/tagfex/order3/lr005/log/search_texture_tagfex__order-3__lr-005__seed-052.log
texture-all-4,texture,tagfex,3,52,0.05,4,4,15197719918013845,13579343162769416,1618376755244429,33833159472858000,899609799029675,960,937093540655.9115,/nobackup/proj/disk/naiss2026-4-902/shared/yizhil/Avalanche/avalanche-master/search_result_texture-all-4/tagfex/order3/lr005/search_texture_tagfex__order-3__lr-005__seed-052__summary.json,/nobackup/proj/disk/naiss2026-4-902/shared/yizhil/Avalanche/avalanche-master/search_result_texture-all-4/tagfex/order3/lr005/log/search_texture_tagfex__order-3__lr-005__seed-052.log
texture-all-4,texture,tagfex,3,52,0.1,1,4,2208338437362542,2199184366891954,9154070470588,2208338437362542,119113291363986,239,498381972234.25104,/nobackup/proj/disk/naiss2026-4-902/shared/yizhil/Avalanche/avalanche-master/search_result_texture-all-4/tagfex/order3/lr01/search_texture_tagfex__order-3__lr-01__seed-052__summary.json,/nobackup/proj/disk/naiss2026-4-902/shared/yizhil/Avalanche/avalanche-master/search_result_texture-all-4/tagfex/order3/lr01/log/search_texture_tagfex__order-3__lr-01__seed-052.log
texture-all-4,texture,tagfex,3,52,0.1,2,4,6116690970120969,5341054232996884,775636737124085,8325029407483511,340911065473417,482,707284368202.11,/nobackup/proj/disk/naiss2026-4-902/shared/yizhil/Avalanche/avalanche-master/search_result_texture-all-4/tagfex/order3/lr01/search_texture_tagfex__order-3__lr-01__seed-052__summary.json,/nobackup/proj/disk/naiss2026-4-902/shared/yizhil/Avalanche/avalanche-master/search_result_texture-all-4/tagfex/order3/lr01/log/search_texture_tagfex__order-3__lr-01__seed-052.log
texture-all-4,texture,tagfex,3,52,0.1,3,4,10310410147700234,9119262662982322,1191147484717912,18635439555183745,594442637907202,723,822188987423.5159,/nobackup/proj/disk/naiss2026-4-902/shared/yizhil/Avalanche/avalanche-master/search_result_texture-all-4/tagfex/order3/lr01/search_texture_tagfex__order-3__lr-01__seed-052__summary.json,/nobackup/proj/disk/naiss2026-4-902/shared/yizhil/Avalanche/avalanche-master/search_result_texture-all-4/tagfex/order3/lr01/log/search_texture_tagfex__order-3__lr-01__seed-052.log
texture-all-4,texture,tagfex,3,52,0.1,4,4,15197719917527813,13579343162283384,1618376755244429,33833159472711558,899609799029675,960,937093540655.9115,/nobackup/proj/disk/naiss2026-4-902/shared/yizhil/Avalanche/avalanche-master/search_result_texture-all-4/tagfex/order3/lr01/search_texture_tagfex__order-3__lr-01__seed-052__summary.json,/nobackup/proj/disk/naiss2026-4-902/shared/yizhil/Avalanche/avalanche-master/search_result_texture-all-4/tagfex/order3/lr01/log/search_texture_tagfex__order-3__lr-01__seed-052.log
texture-all-4,texture,tagfex,3,53,0.01,1,4,2208338437362542,2199184366891954,9154070470588,2208338437362542,119113291363986,239,498381972234.25104,/nobackup/proj/disk/naiss2026-4-902/shared/yizhil/Avalanche/avalanche-master/search_result_texture-all-4/tagfex/order3/lr001/search_texture_tagfex__order-3__lr-001__seed-053__summary.json,/nobackup/proj/disk/naiss2026-4-902/shared/yizhil/Avalanche/avalanche-master/search_result_texture-all-4/tagfex/order3/lr001/log/search_texture_tagfex__order-3__lr-001__seed-053.log
texture-all-4,texture,tagfex,3,53,0.01,2,4,6116690969807529,5341054232683444,775636737124085,8325029407170071,340911065463685,482,707284368181.9191,/nobackup/proj/disk/naiss2026-4-902/shared/yizhil/Avalanche/avalanche-master/search_result_texture-all-4/tagfex/order3/lr001/search_texture_tagfex__order-3__lr-001__seed-053__summary.json,/nobackup/proj/disk/naiss2026-4-902/shared/yizhil/Avalanche/avalanche-master/search_result_texture-all-4/tagfex/order3/lr001/log/search_texture_tagfex__order-3__lr-001__seed-053.log
texture-all-4,texture,tagfex,3,53,0.01,3,4,10310410147353934,9119262662636022,1191147484717912,18635439554524005,594442637902848,723,822188987417.4938,/nobackup/proj/disk/naiss2026-4-902/shared/yizhil/Avalanche/avalanche-master/search_result_texture-all-4/tagfex/order3/lr001/search_texture_tagfex__order-3__lr-001__seed-053__summary.json,/nobackup/proj/disk/naiss2026-4-902/shared/yizhil/Avalanche/avalanche-master/search_result_texture-all-4/tagfex/order3/lr001/log/search_texture_tagfex__order-3__lr-001__seed-053.log
texture-all-4,texture,tagfex,3,53,0.01,4,4,15197719917438803,13579343162194374,1618376755244429,33833159471962808,899609799029675,960,937093540655.9115,/nobackup/proj/disk/naiss2026-4-902/shared/yizhil/Avalanche/avalanche-master/search_result_texture-all-4/tagfex/order3/lr001/search_texture_tagfex__order-3__lr-001__seed-053__summary.json,/nobackup/proj/disk/naiss2026-4-902/shared/yizhil/Avalanche/avalanche-master/search_result_texture-all-4/tagfex/order3/lr001/log/search_texture_tagfex__order-3__lr-001__seed-053.log
texture-all-4,texture,tagfex,3,53,0.05,1,4,2208338437362542,2199184366891954,9154070470588,2208338437362542,119113291363986,239,498381972234.25104,/nobackup/proj/disk/naiss2026-4-902/shared/yizhil/Avalanche/avalanche-master/search_result_texture-all-4/tagfex/order3/lr005/search_texture_tagfex__order-3__lr-005__seed-053__summary.json,/nobackup/proj/disk/naiss2026-4-902/shared/yizhil/Avalanche/avalanche-master/search_result_texture-all-4/tagfex/order3/lr005/log/search_texture_tagfex__order-3__lr-005__seed-053.log
texture-all-4,texture,tagfex,3,53,0.05,2,4,6116690969863641,5341054232739556,775636737124085,8325029407226183,340911065463685,482,707284368181.9191,/nobackup/proj/disk/naiss2026-4-902/shared/yizhil/Avalanche/avalanche-master/search_result_texture-all-4/tagfex/order3/lr005/search_texture_tagfex__order-3__lr-005__seed-053__summary.json,/nobackup/proj/disk/naiss2026-4-902/shared/yizhil/Avalanche/avalanche-master/search_result_texture-all-4/tagfex/order3/lr005/log/search_texture_tagfex__order-3__lr-005__seed-053.log
texture-all-4,texture,tagfex,3,53,0.05,3,4,10310410147935290,9119262663217378,1191147484717912,18635439555161473,594442637932134,723,822188987458.0,/nobackup/proj/disk/naiss2026-4-902/shared/yizhil/Avalanche/avalanche-master/search_result_texture-all-4/tagfex/order3/lr005/search_texture_tagfex__order-3__lr-005__seed-053__summary.json,/nobackup/proj/disk/naiss2026-4-902/shared/yizhil/Avalanche/avalanche-master/search_result_texture-all-4/tagfex/order3/lr005/log/search_texture_tagfex__order-3__lr-005__seed-053.log
texture-all-4,texture,tagfex,3,53,0.05,4,4,15197719918124497,13579343162880068,1618376755244429,33833159473285970,899609799047989,960,937093540674.9885,/nobackup/proj/disk/naiss2026-4-902/shared/yizhil/Avalanche/avalanche-master/search_result_texture-all-4/tagfex/order3/lr005/search_texture_tagfex__order-3__lr-005__seed-053__summary.json,/nobackup/proj/disk/naiss2026-4-902/shared/yizhil/Avalanche/avalanche-master/search_result_texture-all-4/tagfex/order3/lr005/log/search_texture_tagfex__order-3__lr-005__seed-053.log
texture-all-4,texture,tagfex,3,53,0.1,1,4,2208338437362542,2199184366891954,9154070470588,2208338437362542,119113291363986,239,498381972234.25104,/nobackup/proj/disk/naiss2026-4-902/shared/yizhil/Avalanche/avalanche-master/search_result_texture-all-4/tagfex/order3/lr01/search_texture_tagfex__order-3__lr-01__seed-053__summary.json,/nobackup/proj/disk/naiss2026-4-902/shared/yizhil/Avalanche/avalanche-master/search_result_texture-all-4/tagfex/order3/lr01/log/search_texture_tagfex__order-3__lr-01__seed-053.log
texture-all-4,texture,tagfex,3,53,0.1,2,4,6116690969828299,5341054232704214,775636737124085,8325029407190841,340911065463685,482,707284368181.9191,/nobackup/proj/disk/naiss2026-4-902/shared/yizhil/Avalanche/avalanche-master/search_result_texture-all-4/tagfex/order3/lr01/search_texture_tagfex__order-3__lr-01__seed-053__summary.json,/nobackup/proj/disk/naiss2026-4-902/shared/yizhil/Avalanche/avalanche-master/search_result_texture-all-4/tagfex/order3/lr01/log/search_texture_tagfex__order-3__lr-01__seed-053.log
texture-all-4,texture,tagfex,3,53,0.1,3,4,10310410147513430,9119262662795518,1191147484717912,18635439554704271,594442637904216,723,822188987419.3859,/nobackup/proj/disk/naiss2026-4-902/shared/yizhil/Avalanche/avalanche-master/search_result_texture-all-4/tagfex/order3/lr01/search_texture_tagfex__order-3__lr-01__seed-053__summary.json,/nobackup/proj/disk/naiss2026-4-902/shared/yizhil/Avalanche/avalanche-master/search_result_texture-all-4/tagfex/order3/lr01/log/search_texture_tagfex__order-3__lr-01__seed-053.log
texture-all-4,texture,tagfex,3,53,0.1,4,4,15197719917438291,13579343162193862,1618376755244429,33833159472142562,899609799029675,960,937093540655.9115,/nobackup/proj/disk/naiss2026-4-902/shared/yizhil/Avalanche/avalanche-master/search_result_texture-all-4/tagfex/order3/lr01/search_texture_tagfex__order-3__lr-01__seed-053__summary.json,/nobackup/proj/disk/naiss2026-4-902/shared/yizhil/Avalanche/avalanche-master/search_result_texture-all-4/tagfex/order3/lr01/log/search_texture_tagfex__order-3__lr-01__seed-053.log
texture-all-4,texture,tagfex,3,54,0.01,1,4,2208338437362542,2199184366891954,9154070470588,2208338437362542,119113291363986,239,498381972234.25104,/nobackup/proj/disk/naiss2026-4-902/shared/yizhil/Avalanche/avalanche-master/search_result_texture-all-4/tagfex/order3/lr001/search_texture_tagfex__order-3__lr-001__seed-054__summary.json,/nobackup/proj/disk/naiss2026-4-902/shared/yizhil/Avalanche/avalanche-master/search_result_texture-all-4/tagfex/order3/lr001/log/search_texture_tagfex__order-3__lr-001__seed-054.log
texture-all-4,texture,tagfex,3,54,0.01,2,4,6116690969842409,5341054232718324,775636737124085,8325029407204951,340911065463685,482,707284368181.9191,/nobackup/proj/disk/naiss2026-4-902/shared/yizhil/Avalanche/avalanche-master/search_result_texture-all-4/tagfex/order3/lr001/search_texture_tagfex__order-3__lr-001__seed-054__summary.json,/nobackup/proj/disk/naiss2026-4-902/shared/yizhil/Avalanche/avalanche-master/search_result_texture-all-4/tagfex/order3/lr001/log/search_texture_tagfex__order-3__lr-001__seed-054.log
texture-all-4,texture,tagfex,3,54,0.01,3,4,10310410147463300,9119262662745388,1191147484717912,18635439554668251,594442637902848,723,822188987417.4938,/nobackup/proj/disk/naiss2026-4-902/shared/yizhil/Avalanche/avalanche-master/search_result_texture-all-4/tagfex/order3/lr001/search_texture_tagfex__order-3__lr-001__seed-054__summary.json,/nobackup/proj/disk/naiss2026-4-902/shared/yizhil/Avalanche/avalanche-master/search_result_texture-all-4/tagfex/order3/lr001/log/search_texture_tagfex__order-3__lr-001__seed-054.log
texture-all-4,texture,tagfex,3,54,0.01,4,4,15197719917433297,13579343162188868,1618376755244429,33833159472101548,899609799029675,960,937093540655.9115,/nobackup/proj/disk/naiss2026-4-902/shared/yizhil/Avalanche/avalanche-master/search_result_texture-all-4/tagfex/order3/lr001/search_texture_tagfex__order-3__lr-001__seed-054__summary.json,/nobackup/proj/disk/naiss2026-4-902/shared/yizhil/Avalanche/avalanche-master/search_result_texture-all-4/tagfex/order3/lr001/log/search_texture_tagfex__order-3__lr-001__seed-054.log
texture-all-4,texture,tagfex,3,54,0.05,1,4,2208338437362542,2199184366891954,9154070470588,2208338437362542,119113291363986,239,498381972234.25104,/nobackup/proj/disk/naiss2026-4-902/shared/yizhil/Avalanche/avalanche-master/search_result_texture-all-4/tagfex/order3/lr005/search_texture_tagfex__order-3__lr-005__seed-054__summary.json,/nobackup/proj/disk/naiss2026-4-902/shared/yizhil/Avalanche/avalanche-master/search_result_texture-all-4/tagfex/order3/lr005/log/search_texture_tagfex__order-3__lr-005__seed-054.log
texture-all-4,texture,tagfex,3,54,0.05,2,4,6116690970088393,5341054232964308,775636737124085,8325029407450935,340911065484941,482,707284368226.0187,/nobackup/proj/disk/naiss2026-4-902/shared/yizhil/Avalanche/avalanche-master/search_result_texture-all-4/tagfex/order3/lr005/search_texture_tagfex__order-3__lr-005__seed-054__summary.json,/nobackup/proj/disk/naiss2026-4-902/shared/yizhil/Avalanche/avalanche-master/search_result_texture-all-4/tagfex/order3/lr005/log/search_texture_tagfex__order-3__lr-005__seed-054.log
texture-all-4,texture,tagfex,3,54,0.05,3,4,10310410147462500,9119262662744588,1191147484717912,18635439554913435,594442637902848,723,822188987417.4938,/nobackup/proj/disk/naiss2026-4-902/shared/yizhil/Avalanche/avalanche-master/search_result_texture-all-4/tagfex/order3/lr005/search_texture_tagfex__order-3__lr-005__seed-054__summary.json,/nobackup/proj/disk/naiss2026-4-902/shared/yizhil/Avalanche/avalanche-master/search_result_texture-all-4/tagfex/order3/lr005/log/search_texture_tagfex__order-3__lr-005__seed-054.log
texture-all-4,texture,tagfex,3,54,0.05,4,4,15197719917527173,13579343162282744,1618376755244429,33833159472440608,899609799029675,960,937093540655.9115,/nobackup/proj/disk/naiss2026-4-902/shared/yizhil/Avalanche/avalanche-master/search_result_texture-all-4/tagfex/order3/lr005/search_texture_tagfex__order-3__lr-005__seed-054__summary.json,/nobackup/proj/disk/naiss2026-4-902/shared/yizhil/Avalanche/avalanche-master/search_result_texture-all-4/tagfex/order3/lr005/log/search_texture_tagfex__order-3__lr-005__seed-054.log
texture-all-4,texture,tagfex,3,54,0.1,1,4,2208338437362542,2199184366891954,9154070470588,2208338437362542,119113291363986,239,498381972234.25104,/nobackup/proj/disk/naiss2026-4-902/shared/yizhil/Avalanche/avalanche-master/search_result_texture-all-4/tagfex/order3/lr01/search_texture_tagfex__order-3__lr-01__seed-054__summary.json,/nobackup/proj/disk/naiss2026-4-902/shared/yizhil/Avalanche/avalanche-master/search_result_texture-all-4/tagfex/order3/lr01/log/search_texture_tagfex__order-3__lr-01__seed-054.log
texture-all-4,texture,tagfex,3,54,0.1,2,4,6116690970249199,5341054233125114,775636737124085,8325029407611741,340911065463685,482,707284368181.9191,/nobackup/proj/disk/naiss2026-4-902/shared/yizhil/Avalanche/avalanche-master/search_result_texture-all-4/tagfex/order3/lr01/search_texture_tagfex__order-3__lr-01__seed-054__summary.json,/nobackup/proj/disk/naiss2026-4-902/shared/yizhil/Avalanche/avalanche-master/search_result_texture-all-4/tagfex/order3/lr01/log/search_texture_tagfex__order-3__lr-01__seed-054.log
texture-all-4,texture,tagfex,3,54,0.1,3,4,10310410148015002,9119262663297090,1191147484717912,18635439555626743,594442637939050,723,822188987467.5657,/nobackup/proj/disk/naiss2026-4-902/shared/yizhil/Avalanche/avalanche-master/search_result_texture-all-4/tagfex/order3/lr01/search_texture_tagfex__order-3__lr-01__seed-054__summary.json,/nobackup/proj/disk/naiss2026-4-902/shared/yizhil/Avalanche/avalanche-master/search_result_texture-all-4/tagfex/order3/lr01/log/search_texture_tagfex__order-3__lr-01__seed-054.log
texture-all-4,texture,tagfex,3,54,0.1,4,4,15197719918192891,13579343162948462,1618376755244429,33833159473819634,899609799069633,960,937093540697.5344,/nobackup/proj/disk/naiss2026-4-902/shared/yizhil/Avalanche/avalanche-master/search_result_texture-all-4/tagfex/order3/lr01/search_texture_tagfex__order-3__lr-01__seed-054__summary.json,/nobackup/proj/disk/naiss2026-4-902/shared/yizhil/Avalanche/avalanche-master/search_result_texture-all-4/tagfex/order3/lr01/log/search_texture_tagfex__order-3__lr-01__seed-054.log
texture-all-4,texture,tagfex,3,55,0.01,1,4,2208338437362542,2199184366891954,9154070470588,2208338437362542,119113291363986,239,498381972234.25104,/nobackup/proj/disk/naiss2026-4-902/shared/yizhil/Avalanche/avalanche-master/search_result_texture-all-4/tagfex/order3/lr001/search_texture_tagfex__order-3__lr-001__seed-055__summary.json,/nobackup/proj/disk/naiss2026-4-902/shared/yizhil/Avalanche/avalanche-master/search_result_texture-all-4/tagfex/order3/lr001/log/search_texture_tagfex__order-3__lr-001__seed-055.log
texture-all-4,texture,tagfex,3,55,0.01,2,4,6116690969825353,5341054232701268,775636737124085,8325029407187895,340911065463685,482,707284368181.9191,/nobackup/proj/disk/naiss2026-4-902/shared/yizhil/Avalanche/avalanche-master/search_result_texture-all-4/tagfex/order3/lr001/search_texture_tagfex__order-3__lr-001__seed-055__summary.json,/nobackup/proj/disk/naiss2026-4-902/shared/yizhil/Avalanche/avalanche-master/search_result_texture-all-4/tagfex/order3/lr001/log/search_texture_tagfex__order-3__lr-001__seed-055.log
texture-all-4,texture,tagfex,3,55,0.01,3,4,10310410147381724,9119262662663812,1191147484717912,18635439554569619,594442637902848,723,822188987417.4938,/nobackup/proj/disk/naiss2026-4-902/shared/yizhil/Avalanche/avalanche-master/search_result_texture-all-4/tagfex/order3/lr001/search_texture_tagfex__order-3__lr-001__seed-055__summary.json,/nobackup/proj/disk/naiss2026-4-902/shared/yizhil/Avalanche/avalanche-master/search_result_texture-all-4/tagfex/order3/lr001/log/search_texture_tagfex__order-3__lr-001__seed-055.log
texture-all-4,texture,tagfex,3,55,0.01,4,4,15197719917476841,13579343162232412,1618376755244429,33833159472046460,899609799029675,960,937093540655.9115,/nobackup/proj/disk/naiss2026-4-902/shared/yizhil/Avalanche/avalanche-master/search_result_texture-all-4/tagfex/order3/lr001/search_texture_tagfex__order-3__lr-001__seed-055__summary.json,/nobackup/proj/disk/naiss2026-4-902/shared/yizhil/Avalanche/avalanche-master/search_result_texture-all-4/tagfex/order3/lr001/log/search_texture_tagfex__order-3__lr-001__seed-055.log
texture-all-4,texture,tagfex,3,55,0.05,1,4,2208338437362542,2199184366891954,9154070470588,2208338437362542,119113291363986,239,498381972234.25104,/nobackup/proj/disk/naiss2026-4-902/shared/yizhil/Avalanche/avalanche-master/search_result_texture-all-4/tagfex/order3/lr005/search_texture_tagfex__order-3__lr-005__seed-055__summary.json,/nobackup/proj/disk/naiss2026-4-902/shared/yizhil/Avalanche/avalanche-master/search_result_texture-all-4/tagfex/order3/lr005/log/search_texture_tagfex__order-3__lr-005__seed-055.log
texture-all-4,texture,tagfex,3,55,0.05,2,4,6116690970288969,5341054233164884,775636737124085,8325029407651511,340911065483021,482,707284368222.0353,/nobackup/proj/disk/naiss2026-4-902/shared/yizhil/Avalanche/avalanche-master/search_result_texture-all-4/tagfex/order3/lr005/search_texture_tagfex__order-3__lr-005__seed-055__summary.json,/nobackup/proj/disk/naiss2026-4-902/shared/yizhil/Avalanche/avalanche-master/search_result_texture-all-4/tagfex/order3/lr005/log/search_texture_tagfex__order-3__lr-005__seed-055.log
texture-all-4,texture,tagfex,3,55,0.05,3,4,10310410147992840,9119262663274928,1191147484717912,18635439555644351,594442637931622,723,822188987457.2919,/nobackup/proj/disk/naiss2026-4-902/shared/yizhil/Avalanche/avalanche-master/search_result_texture-all-4/tagfex/order3/lr005/search_texture_tagfex__order-3__lr-005__seed-055__summary.json,/nobackup/proj/disk/naiss2026-4-902/shared/yizhil/Avalanche/avalanche-master/search_result_texture-all-4/tagfex/order3/lr005/log/search_texture_tagfex__order-3__lr-005__seed-055.log
texture-all-4,texture,tagfex,3,55,0.05,4,4,15197719918288305,13579343163043876,1618376755244429,33833159473932656,899609799073475,960,937093540701.5365,/nobackup/proj/disk/naiss2026-4-902/shared/yizhil/Avalanche/avalanche-master/search_result_texture-all-4/tagfex/order3/lr005/search_texture_tagfex__order-3__lr-005__seed-055__summary.json,/nobackup/proj/disk/naiss2026-4-902/shared/yizhil/Avalanche/avalanche-master/search_result_texture-all-4/tagfex/order3/lr005/log/search_texture_tagfex__order-3__lr-005__seed-055.log
texture-all-4,texture,tagfex,3,55,0.1,1,4,2208338437362542,2199184366891954,9154070470588,2208338437362542,119113291363986,239,498381972234.25104,/nobackup/proj/disk/naiss2026-4-902/shared/yizhil/Avalanche/avalanche-master/search_result_texture-all-4/tagfex/order3/lr01/search_texture_tagfex__order-3__lr-01__seed-055__summary.json,/nobackup/proj/disk/naiss2026-4-902/shared/yizhil/Avalanche/avalanche-master/search_result_texture-all-4/tagfex/order3/lr01/log/search_texture_tagfex__order-3__lr-01__seed-055.log
texture-all-4,texture,tagfex,3,55,0.1,2,4,6116690970510907,5341054233386822,775636737124085,8325029407873449,340911065500589,482,707284368258.4834,/nobackup/proj/disk/naiss2026-4-902/shared/yizhil/Avalanche/avalanche-master/search_result_texture-all-4/tagfex/order3/lr01/search_texture_tagfex__order-3__lr-01__seed-055__summary.json,/nobackup/proj/disk/naiss2026-4-902/shared/yizhil/Avalanche/avalanche-master/search_result_texture-all-4/tagfex/order3/lr01/log/search_texture_tagfex__order-3__lr-01__seed-055.log
texture-all-4,texture,tagfex,3,55,0.1,3,4,10310410148140768,9119262663422856,1191147484717912,18635439556014217,594442637946734,723,822188987478.1936,/nobackup/proj/disk/naiss2026-4-902/shared/yizhil/Avalanche/avalanche-master/search_result_texture-all-4/tagfex/order3/lr01/search_texture_tagfex__order-3__lr-01__seed-055__summary.json,/nobackup/proj/disk/naiss2026-4-902/shared/yizhil/Avalanche/avalanche-master/search_result_texture-all-4/tagfex/order3/lr01/log/search_texture_tagfex__order-3__lr-01__seed-055.log
texture-all-4,texture,tagfex,3,55,0.1,4,4,15197719918469655,13579343163225226,1618376755244429,33833159474483872,899609799083081,960,937093540711.5427,/nobackup/proj/disk/naiss2026-4-902/shared/yizhil/Avalanche/avalanche-master/search_result_texture-all-4/tagfex/order3/lr01/search_texture_tagfex__order-3__lr-01__seed-055__summary.json,/nobackup/proj/disk/naiss2026-4-902/shared/yizhil/Avalanche/avalanche-master/search_result_texture-all-4/tagfex/order3/lr01/log/search_texture_tagfex__order-3__lr-01__seed-055.log
texture-all-4,texture,tagfex,3,56,0.01,1,4,2208338437362542,2199184366891954,9154070470588,2208338437362542,119113291363986,239,498381972234.25104,/nobackup/proj/disk/naiss2026-4-902/shared/yizhil/Avalanche/avalanche-master/search_result_texture-all-4/tagfex/order3/lr001/search_texture_tagfex__order-3__lr-001__seed-056__summary.json,/nobackup/proj/disk/naiss2026-4-902/shared/yizhil/Avalanche/avalanche-master/search_result_texture-all-4/tagfex/order3/lr001/log/search_texture_tagfex__order-3__lr-001__seed-056.log
texture-all-4,texture,tagfex,3,56,0.01,2,4,6116690969827249,5341054232703164,775636737124085,8325029407189791,340911065463685,482,707284368181.9191,/nobackup/proj/disk/naiss2026-4-902/shared/yizhil/Avalanche/avalanche-master/search_result_texture-all-4/tagfex/order3/lr001/search_texture_tagfex__order-3__lr-001__seed-056__summary.json,/nobackup/proj/disk/naiss2026-4-902/shared/yizhil/Avalanche/avalanche-master/search_result_texture-all-4/tagfex/order3/lr001/log/search_texture_tagfex__order-3__lr-001__seed-056.log
texture-all-4,texture,tagfex,3,56,0.01,3,4,10310410147351460,9119262662633548,1191147484717912,18635439554541251,594442637902848,723,822188987417.4938,/nobackup/proj/disk/naiss2026-4-902/shared/yizhil/Avalanche/avalanche-master/search_result_texture-all-4/tagfex/order3/lr001/search_texture_tagfex__order-3__lr-001__seed-056__summary.json,/nobackup/proj/disk/naiss2026-4-902/shared/yizhil/Avalanche/avalanche-master/search_result_texture-all-4/tagfex/order3/lr001/log/search_texture_tagfex__order-3__lr-001__seed-056.log
texture-all-4,texture,tagfex,3,56,0.01,4,4,15197719917426125,13579343162181696,1618376755244429,33833159471967376,899609799029675,960,937093540655.9115,/nobackup/proj/disk/naiss2026-4-902/shared/yizhil/Avalanche/avalanche-master/search_result_texture-all-4/tagfex/order3/lr001/search_texture_tagfex__order-3__lr-001__seed-056__summary.json,/nobackup/proj/disk/naiss2026-4-902/shared/yizhil/Avalanche/avalanche-master/search_result_texture-all-4/tagfex/order3/lr001/log/search_texture_tagfex__order-3__lr-001__seed-056.log
texture-all-4,texture,tagfex,3,56,0.05,1,4,2208338437362542,2199184366891954,9154070470588,2208338437362542,119113291363986,239,498381972234.25104,/nobackup/proj/disk/naiss2026-4-902/shared/yizhil/Avalanche/avalanche-master/search_result_texture-all-4/tagfex/order3/lr005/search_texture_tagfex__order-3__lr-005__seed-056__summary.json,/nobackup/proj/disk/naiss2026-4-902/shared/yizhil/Avalanche/avalanche-master/search_result_texture-all-4/tagfex/order3/lr005/log/search_texture_tagfex__order-3__lr-005__seed-056.log
texture-all-4,texture,tagfex,3,56,0.05,2,4,6116690969901313,5341054232777228,775636737124085,8325029407263855,340911065463685,482,707284368181.9191,/nobackup/proj/disk/naiss2026-4-902/shared/yizhil/Avalanche/avalanche-master/search_result_texture-all-4/tagfex/order3/lr005/search_texture_tagfex__order-3__lr-005__seed-056__summary.json,/nobackup/proj/disk/naiss2026-4-902/shared/yizhil/Avalanche/avalanche-master/search_result_texture-all-4/tagfex/order3/lr005/log/search_texture_tagfex__order-3__lr-005__seed-056.log
texture-all-4,texture,tagfex,3,56,0.05,3,4,10310410147424424,9119262662706512,1191147484717912,18635439554688279,594442637902848,723,822188987417.4938,/nobackup/proj/disk/naiss2026-4-902/shared/yizhil/Avalanche/avalanche-master/search_result_texture-all-4/tagfex/order3/lr005/search_texture_tagfex__order-3__lr-005__seed-056__summary.json,/nobackup/proj/disk/naiss2026-4-902/shared/yizhil/Avalanche/avalanche-master/search_result_texture-all-4/tagfex/order3/lr005/log/search_texture_tagfex__order-3__lr-005__seed-056.log
texture-all-4,texture,tagfex,3,56,0.05,4,4,15197719917671893,13579343162427464,1618376755244429,33833159472360172,899609799029675,960,937093540655.9115,/nobackup/proj/disk/naiss2026-4-902/shared/yizhil/Avalanche/avalanche-master/search_result_texture-all-4/tagfex/order3/lr005/search_texture_tagfex__order-3__lr-005__seed-056__summary.json,/nobackup/proj/disk/naiss2026-4-902/shared/yizhil/Avalanche/avalanche-master/search_result_texture-all-4/tagfex/order3/lr005/log/search_texture_tagfex__order-3__lr-005__seed-056.log
texture-all-4,texture,tagfex,3,56,0.1,1,4,2208338437362542,2199184366891954,9154070470588,2208338437362542,119113291363986,239,498381972234.25104,/nobackup/proj/disk/naiss2026-4-902/shared/yizhil/Avalanche/avalanche-master/search_result_texture-all-4/tagfex/order3/lr01/search_texture_tagfex__order-3__lr-01__seed-056__summary.json,/nobackup/proj/disk/naiss2026-4-902/shared/yizhil/Avalanche/avalanche-master/search_result_texture-all-4/tagfex/order3/lr01/log/search_texture_tagfex__order-3__lr-01__seed-056.log
texture-all-4,texture,tagfex,3,56,0.1,2,4,6116690970057021,5341054232932936,775636737124085,8325029407419563,340911065484045,482,707284368224.1598,/nobackup/proj/disk/naiss2026-4-902/shared/yizhil/Avalanche/avalanche-master/search_result_texture-all-4/tagfex/order3/lr01/search_texture_tagfex__order-3__lr-01__seed-056__summary.json,/nobackup/proj/disk/naiss2026-4-902/shared/yizhil/Avalanche/avalanche-master/search_result_texture-all-4/tagfex/order3/lr01/log/search_texture_tagfex__order-3__lr-01__seed-056.log
texture-all-4,texture,tagfex,3,56,0.1,3,4,10310410147993694,9119262663275782,1191147484717912,18635439555413257,594442637939434,723,822188987468.0968,/nobackup/proj/disk/naiss2026-4-902/shared/yizhil/Avalanche/avalanche-master/search_result_texture-all-4/tagfex/order3/lr01/search_texture_tagfex__order-3__lr-01__seed-056__summary.json,/nobackup/proj/disk/naiss2026-4-902/shared/yizhil/Avalanche/avalanche-master/search_result_texture-all-4/tagfex/order3/lr01/log/search_texture_tagfex__order-3__lr-01__seed-056.log
texture-all-4,texture,tagfex,3,56,0.1,4,4,15197719918273831,13579343163029402,1618376755244429,33833159473687088,899609799072707,960,937093540700.7365,/nobackup/proj/disk/naiss2026-4-902/shared/yizhil/Avalanche/avalanche-master/search_result_texture-all-4/tagfex/order3/lr01/search_texture_tagfex__order-3__lr-01__seed-056__summary.json,/nobackup/proj/disk/naiss2026-4-902/shared/yizhil/Avalanche/avalanche-master/search_result_texture-all-4/tagfex/order3/lr01/log/search_texture_tagfex__order-3__lr-01__seed-056.log
