exp_name,method,dataset,order,seed,backbone,best_lr,tasks,final_epoch_train_loss,training_runtime_s,training_gpu_ms,terminal_flops_per_sample,overall_learning_flops,core_training_flops,learning_auxiliary_flops,single_sample_forward_flops,model_parameter_bytes,model_buffer_bytes,optimizer_state_bytes,persistent_storage_bytes,persistent_storage_mib,inference_latency_ms_per_sample,peak_allocated_gpu_memory_mib,task_1_acc,task_2_acc,task_3_acc,task_4_acc,task_5_acc,task_6_acc,task_7_acc,task_8_acc,task_9_acc,task_10_acc
texture-all,ewc,texture,1,52,resnet18_cifar,0.1,10,0.06256453460082412,225.42565740600094,227360.390625,1150091356495.2095,13709087807426650,13709087807426650,0,38301453324,44699952,38560,44699952,89438464,85.295166015625,0.4204788791658605,10092.31494140625,1.0,0.68,0.0,1.0,1.0,1.0,0.6111111111111112,1.0,1.0,1.0
texture-all,ewc,texture,1,53,resnet18_cifar,0.05,10,0.00268083744449541,225.4271321150004,227327.5625,1150091356495.2095,13709087807426650,13709087807426650,0,38301453324,44699952,38560,44699952,89438464,85.295166015625,0.42338019166360635,10092.31494140625,1.0,1.0,1.0,0.0,1.0,0.9444444444444444,1.0,1.0,1.0,1.0
texture-all,ewc,texture,1,54,resnet18_cifar,0.05,10,0.0007707727204736632,225.44274534300075,227348.53125,1150091356495.2095,13709087807426650,13709087807426650,0,38301453324,44699952,38560,44699952,89438464,85.295166015625,0.420631583328183,10092.31494140625,1.0,0.4,1.0,1.0,1.0,1.0,0.05555555555555555,1.0,1.0,1.0
texture-all,ewc,texture,1,55,resnet18_cifar,0.05,10,0.000915173813700676,249.76336400200034,251775.5,1150091356495.2095,13709087807426650,13709087807426650,0,38301453324,44699952,38560,44699952,89438464,85.295166015625,0.4243720083309199,10092.31494140625,0.8484848484848485,1.0,1.0,1.0,1.0,1.0,1.0,1.0,1.0,1.0
texture-all,ewc,texture,1,56,resnet18_cifar,0.01,10,0.00962253004933397,249.3740408649992,251378.390625,1150091356495.2095,13709087807426650,13709087807426650,0,38301453324,44699952,38560,44699952,89438464,85.295166015625,0.4246142124960291,10092.31494140625,1.0,1.0,0.29411764705882354,1.0,1.0,0.5,1.0,1.0,0.9411764705882353,1.0
texture-all,ewc,texture,2,52,resnet18_cifar,0.05,10,0.011572944609603534,247.8560179940023,249848.015625,1150091422652.1619,13796495243387090,13796495243387090,0,38301453324,44699952,38560,44699952,89438464,85.295166015625,0.42373563749530757,10091.87109375,0.9814814814814815,1.0,1.0,1.0,1.0,1.0,0.6956521739130435,1.0,0.9047619047619048,1.0
texture-all,ewc,texture,2,53,resnet18_cifar,0.05,10,0.0031483288388699294,244.01914948100148,246775.640625,1150091422652.1619,13796495243387090,13796495243387090,0,38301453324,44699952,38560,44699952,89438464,85.295166015625,0.42166926666974786,10091.87109375,1.0,0.8,1.0,1.0,1.0,1.0,0.391304347826087,0.7647058823529411,1.0,1.0
texture-all,ewc,texture,2,54,resnet18_cifar,0.1,10,0.008359025651589035,230.93220049000047,232837.078125,1150091422652.1619,13796495243387090,13796495243387090,0,38301453324,44699952,38560,44699952,89438464,85.295166015625,0.4214381708266046,10091.87109375,0.8888888888888888,0.68,1.0,1.0,1.0,0.3333333333333333,0.0,1.0,0.8571428571428571,1.0
texture-all,ewc,texture,2,55,resnet18_cifar,0.05,10,0.0027490651855866114,230.65451415299958,232553.28125,1150091422652.1619,13796495243387090,13796495243387090,0,38301453324,44699952,38560,44699952,89438464,85.295166015625,0.4214975291650565,10091.87109375,1.0,0.8,1.0,1.0,1.0,1.0,1.0,0.11764705882352941,1.0,1.0
texture-all,ewc,texture,2,56,resnet18_cifar,0.05,10,0.0013859759589346747,230.40938117600126,232299.828125,1150091422652.1619,13796495243387090,13796495243387090,0,38301453324,44699952,38560,44699952,89438464,85.295166015625,0.4217316708339543,10091.87109375,1.0,0.16,1.0,1.0,1.0,1.0,1.0,1.0,1.0,1.0
texture-all,ewc,texture,3,52,resnet18_cifar,0.05,10,0.0014814594585914164,230.3851459360003,232275.78125,1150091306722.209,13837898138308210,13837898138308210,0,38301453324,44699952,38560,44699952,89438464,85.295166015625,0.42293392083744646,10093.08056640625,1.0,1.0,0.0,1.0,1.0,0.8888888888888888,0.9130434782608695,1.0,1.0,1.0
texture-all,ewc,texture,3,53,resnet18_cifar,0.05,10,0.00822936553352823,230.53331330400033,232416.78125,1150091306722.209,13837898138308210,13837898138308210,0,38301453324,44699952,38560,44699952,89438464,85.295166015625,0.4224587416653473,10093.08056640625,1.0,1.0,0.0,1.0,1.0,0.9444444444444444,1.0,1.0,0.8,1.0
texture-all,ewc,texture,3,54,resnet18_cifar,0.05,10,0.00624614378126959,242.71168147199933,244629.203125,1150091306722.209,13837898138308210,13837898138308210,0,38301453324,44699952,38560,44699952,89438464,85.295166015625,0.4246761875000023,10093.08056640625,1.0,1.0,0.0,1.0,1.0,1.0,0.7391304347826086,1.0,0.92,1.0
texture-all,ewc,texture,3,55,resnet18_cifar,0.05,10,0.01427044291049242,245.92346829899998,247854.25,1150091306722.209,13837898138308210,13837898138308210,0,38301453324,44699952,38560,44699952,89438464,85.295166015625,0.42362335416707236,10093.08056640625,1.0,1.0,1.0,1.0,0.3333333333333333,0.4444444444444444,1.0,0.47619047619047616,1.0,1.0
texture-all,ewc,texture,3,56,resnet18_cifar,0.05,10,0.02953319262402753,245.3000042659978,247228.265625,1150091306722.209,13837898138308210,13837898138308210,0,38301453324,44699952,38560,44699952,89438464,85.295166015625,0.42383471250104776,10093.08056640625,0.6557377049180327,1.0,1.0,1.0,1.0,1.0,1.0,1.0,0.88,1.0
texture-all,icarl,texture,1,52,resnet18_cifar,0.05,10,0.0016105207439977675,237.36610417003976,239445.625,1150091356495.2095,13709087807426650,13709087807426650,0,38301453324,44699952,38560,44699952,89438464,85.295166015625,0.4253044207871426,10091.138671875,1.0,1.0,0.0,1.0,1.0,1.0,1.0,1.0,1.0,1.0
texture-all,icarl,texture,1,53,resnet18_cifar,0.05,10,0.00268083744449541,233.3041981139686,235458.765625,1150091356495.2095,13709087807426650,13709087807426650,0,38301453324,44699952,38560,44699952,89438464,85.295166015625,0.42685332482506055,10091.138671875,1.0,1.0,1.0,0.0,1.0,0.9444444444444444,1.0,1.0,1.0,1.0
texture-all,icarl,texture,1,54,resnet18_cifar,0.05,10,0.0007707727204736632,235.381847415003,237426.03125,1150091356495.2095,13709087807426650,13709087807426650,0,38301453324,44699952,38560,44699952,89438464,85.295166015625,0.42658942911657505,10091.138671875,1.0,0.4,1.0,1.0,1.0,1.0,0.05555555555555555,1.0,1.0,1.0
texture-all,icarl,texture,1,55,resnet18_cifar,0.1,10,0.07758180315916736,236.0535039419483,238084.609375,1150091356495.2095,13709087807426650,13709087807426650,0,38301453324,44699952,38560,44699952,89438464,85.295166015625,0.4267106543314488,10091.138671875,0.3333333333333333,1.0,0.0,0.0,1.0,0.0,0.9444444444444444,1.0,1.0,0.30434782608695654
texture-all,icarl,texture,1,56,resnet18_cifar,0.05,10,0.0012392712233122438,235.85429902203032,237906.390625,1150091356495.2095,13709087807426650,13709087807426650,0,38301453324,44699952,38560,44699952,89438464,85.295166015625,0.4251716208576302,10091.138671875,0.9393939393939394,1.0,0.9411764705882353,0.7619047619047619,1.0,1.0,1.0,1.0,1.0,1.0
texture-all,icarl,texture,2,52,resnet18_cifar,0.05,10,0.011572944609603534,238.8342240349739,240974.9375,1150091422652.1619,13796495243387090,13796495243387090,0,38301453324,44699952,38560,44699952,89438464,85.295166015625,0.4253682748336966,10092.2333984375,0.9814814814814815,1.0,1.0,1.0,1.0,1.0,0.6956521739130435,1.0,0.9047619047619048,1.0
texture-all,icarl,texture,2,53,resnet18_cifar,0.05,10,0.0031483288388699294,244.25391272400157,246295.390625,1150091422652.1619,13796495243387090,13796495243387090,0,38301453324,44699952,38560,44699952,89438464,85.295166015625,0.4259702376051185,10092.2333984375,1.0,0.8,1.0,1.0,1.0,1.0,0.391304347826087,0.7647058823529411,1.0,1.0
texture-all,icarl,texture,2,54,resnet18_cifar,0.05,10,0.014473827423838277,247.49451200006297,249596.5625,1150091422652.1619,13796495243387090,13796495243387090,0,38301453324,44699952,38560,44699952,89438464,85.295166015625,0.4255833166098455,10092.2333984375,1.0,1.0,1.0,0.0,0.0,1.0,1.0,0.0,0.47619047619047616,1.0
texture-all,icarl,texture,2,55,resnet18_cifar,0.1,10,0.056168582290410995,316.6391716460057,318719.65625,1150091422652.1619,13796495243387090,13796495243387090,0,38301453324,44699952,38560,44699952,89438464,85.295166015625,0.42513730841164943,10092.2333984375,0.9814814814814815,0.0,1.0,1.0,1.0,1.0,1.0,0.0,0.2857142857142857,1.0
texture-all,icarl,texture,2,56,resnet18_cifar,0.1,10,0.035976620173702636,240.98827143604285,243018.8125,1150091422652.1619,13796495243387090,13796495243387090,0,38301453324,44699952,38560,44699952,89438464,85.295166015625,0.42422771257406566,10092.2333984375,0.9629629629629629,0.44,0.8947368421052632,1.0,1.0,1.0,0.9130434782608695,0.0,0.7619047619047619,0.6111111111111112
texture-all,icarl,texture,3,52,resnet18_cifar,0.05,10,0.0014814594585914164,245.77611714106752,247833.0,1150091306722.209,13837898138308210,13837898138308210,0,38301453324,44699952,38560,44699952,89438464,85.295166015625,0.4279624916913842,10091.82177734375,1.0,1.0,0.0,1.0,1.0,0.8888888888888888,0.9130434782608695,1.0,1.0,1.0
texture-all,icarl,texture,3,53,resnet18_cifar,0.05,10,0.00822936553352823,245.76257459702902,247844.65625,1150091306722.209,13837898138308210,13837898138308210,0,38301453324,44699952,38560,44699952,89438464,85.295166015625,0.42636387527939706,10091.82177734375,1.0,1.0,0.0,1.0,1.0,0.9444444444444444,1.0,1.0,0.8,1.0
texture-all,icarl,texture,3,54,resnet18_cifar,0.1,10,0.05862038042396307,246.83602310501738,248923.3125,1150091306722.209,13837898138308210,13837898138308210,0,38301453324,44699952,38560,44699952,89438464,85.295166015625,0.4271293915129111,10091.82177734375,0.9836065573770492,1.0,0.0,0.0,0.0,0.0,1.0,1.0,1.0,0.0
texture-all,icarl,texture,3,55,resnet18_cifar,0.05,10,0.01427044291049242,250.7296318640001,252820.90625,1150091306722.209,13837898138308210,13837898138308210,0,38301453324,44699952,38560,44699952,89438464,85.295166015625,0.4267639415047597,10091.82177734375,1.0,1.0,1.0,1.0,0.3333333333333333,0.4444444444444444,1.0,0.47619047619047616,1.0,1.0
texture-all,icarl,texture,3,56,resnet18_cifar,0.1,10,0.11633991729468107,250.21335533101228,252318.21875,1150091306722.209,13837898138308210,13837898138308210,0,38301453324,44699952,38560,44699952,89438464,85.295166015625,0.42734303351608105,10091.82177734375,0.639344262295082,1.0,0.8823529411764706,0.5238095238095238,0.16666666666666666,1.0,0.8695652173913043,1.0,1.0,0.9411764705882353
texture-all,er_ace,texture,1,52,resnet18_cifar,0.1,10,0.06256453460082412,232.46575796502293,234483.953125,1150091356495.2095,13709087807426650,13709087807426650,0,38301453324,44699952,38560,44699952,89438464,85.295166015625,0.4231713708577445,10093.25,1.0,0.68,0.0,1.0,1.0,1.0,0.6111111111111112,1.0,1.0,1.0
texture-all,er_ace,texture,1,53,resnet18_cifar,0.05,10,0.00268083744449541,234.69053871303913,236724.671875,1150091356495.2095,13709087807426650,13709087807426650,0,38301453324,44699952,38560,44699952,89438464,85.295166015625,0.4226705042431907,10093.25,1.0,1.0,1.0,0.0,1.0,0.9444444444444444,1.0,1.0,1.0,1.0
texture-all,er_ace,texture,1,54,resnet18_cifar,0.1,10,0.009339644480496645,234.50009510698146,236520.890625,1150091356495.2095,13709087807426650,13709087807426650,0,38301453324,44699952,38560,44699952,89438464,85.295166015625,0.4227566956008862,10093.25,0.4696969696969697,0.0,0.5294117647058824,0.0,1.0,0.4444444444444444,0.4444444444444444,1.0,1.0,1.0
texture-all,er_ace,texture,1,55,resnet18_cifar,0.05,10,0.000915173813700676,234.98459692296456,237012.71875,1150091356495.2095,13709087807426650,13709087807426650,0,38301453324,44699952,38560,44699952,89438464,85.295166015625,0.4236685292805002,10093.25,0.8484848484848485,1.0,1.0,1.0,1.0,1.0,1.0,1.0,1.0,1.0
texture-all,er_ace,texture,1,56,resnet18_cifar,0.05,10,0.0012392712233122438,235.80547799004125,237831.640625,1150091356495.2095,13709087807426650,13709087807426650,0,38301453324,44699952,38560,44699952,89438464,85.295166015625,0.4231391833551849,10093.25,0.9393939393939394,1.0,0.9411764705882353,0.7619047619047619,1.0,1.0,1.0,1.0,1.0,1.0
texture-all,er_ace,texture,2,52,resnet18_cifar,0.05,10,0.011572944609603534,243.06584228595602,245080.0,1150091422652.1619,13796495243387090,13796495243387090,0,38301453324,44699952,38560,44699952,89438464,85.295166015625,0.4234348249156028,10092.7958984375,0.9814814814814815,1.0,1.0,1.0,1.0,1.0,0.6956521739130435,1.0,0.9047619047619048,1.0
texture-all,er_ace,texture,2,53,resnet18_cifar,0.05,10,0.0031483288388699294,245.1924027550267,247238.40625,1150091422652.1619,13796495243387090,13796495243387090,0,38301453324,44699952,38560,44699952,89438464,85.295166015625,0.42471489153588965,10092.7958984375,1.0,0.8,1.0,1.0,1.0,1.0,0.391304347826087,0.7647058823529411,1.0,1.0
texture-all,er_ace,texture,2,54,resnet18_cifar,0.05,10,0.014473827423838277,253.57211519498378,255644.484375,1150091422652.1619,13796495243387090,13796495243387090,0,38301453324,44699952,38560,44699952,89438464,85.295166015625,0.4239314125394837,10092.7958984375,1.0,1.0,1.0,0.0,0.0,1.0,1.0,0.0,0.47619047619047616,1.0
texture-all,er_ace,texture,2,55,resnet18_cifar,0.05,10,0.0027490651855866114,249.2712127600098,251334.5,1150091422652.1619,13796495243387090,13796495243387090,0,38301453324,44699952,38560,44699952,89438464,85.295166015625,0.4249939833243843,10092.7958984375,1.0,0.8,1.0,1.0,1.0,1.0,1.0,0.11764705882352941,1.0,1.0
texture-all,er_ace,texture,2,56,resnet18_cifar,0.01,10,0.01793942324196299,247.81063271401217,249842.4375,1150091422652.1619,13796495243387090,13796495243387090,0,38301453324,44699952,38560,44699952,89438464,85.295166015625,0.424193296081891,10092.7958984375,1.0,0.08,1.0,1.0,1.0,0.9444444444444444,1.0,1.0,1.0,0.1111111111111111
texture-all,er_ace,texture,3,52,resnet18_cifar,0.05,10,0.0014814594585914164,246.45159691598383,248509.140625,1150091306722.209,13837898138308210,13837898138308210,0,38301453324,44699952,38560,44699952,89438464,85.295166015625,0.426060762523169,10092.98583984375,1.0,1.0,0.0,1.0,1.0,0.8888888888888888,0.9130434782608695,1.0,1.0,1.0
texture-all,er_ace,texture,3,53,resnet18_cifar,0.05,10,0.00822936553352823,245.8406383979891,247886.359375,1150091306722.209,13837898138308210,13837898138308210,0,38301453324,44699952,38560,44699952,89438464,85.295166015625,0.4251609208343628,10092.98583984375,1.0,1.0,0.0,1.0,1.0,0.9444444444444444,1.0,1.0,0.8,1.0
texture-all,er_ace,texture,3,54,resnet18_cifar,0.05,10,0.00624614378126959,247.29741674201796,250328.53125,1150091306722.209,13837898138308210,13837898138308210,0,38301453324,44699952,38560,44699952,89438464,85.295166015625,0.42549151633769117,10092.98583984375,1.0,1.0,0.0,1.0,1.0,1.0,0.7391304347826086,1.0,0.92,1.0
texture-all,er_ace,texture,3,55,resnet18_cifar,0.05,10,0.01427044291049242,249.8777467800246,251932.75,1150091306722.209,13837898138308210,13837898138308210,0,38301453324,44699952,38560,44699952,89438464,85.295166015625,0.42536241259464685,10092.98583984375,1.0,1.0,1.0,1.0,0.3333333333333333,0.4444444444444444,1.0,0.47619047619047616,1.0,1.0
texture-all,er_ace,texture,3,56,resnet18_cifar,0.05,10,0.02953319262402753,248.8564235579106,250910.21875,1150091306722.209,13837898138308210,13837898138308210,0,38301453324,44699952,38560,44699952,89438464,85.295166015625,0.42466341255931184,10092.98583984375,0.6557377049180327,1.0,1.0,1.0,1.0,1.0,1.0,1.0,0.88,1.0
texture-all,fecam,texture,1,52,resnet18_cifar,0.01,10,0.012312138670434554,311.91884616200696,314867.15625,1150091356495.2095,13709087807426650,13709087807426650,0,38301453324,44699952,38560,44699952,89438464,85.295166015625,0.5006379041636441,10092.31494140625,1.0,1.0,1.0,1.0,1.0,0.9444444444444444,1.0,1.0,1.0,1.0
texture-all,fecam,texture,1,53,resnet18_cifar,0.05,10,0.00268083744449541,316.0827787700109,319119.3125,1150091356495.2095,13709087807426650,13709087807426650,0,38301453324,44699952,38560,44699952,89438464,85.295166015625,0.8862662876102453,10092.31494140625,1.0,1.0,1.0,0.0,1.0,0.9444444444444444,1.0,1.0,1.0,1.0
texture-all,fecam,texture,1,54,resnet18_cifar,0.1,10,0.009339644480496645,317.62158451401046,320357.71875,1150091356495.2095,13709087807426650,13709087807426650,0,38301453324,44699952,38560,44699952,89438464,85.295166015625,0.503364704006041,10092.31494140625,0.4696969696969697,0.0,0.5294117647058824,0.0,1.0,0.4444444444444444,0.4444444444444444,1.0,1.0,1.0
texture-all,fecam,texture,1,55,resnet18_cifar,0.05,10,0.000915173813700676,311.85862552697654,314773.28125,1150091356495.2095,13709087807426650,13709087807426650,0,38301453324,44699952,38560,44699952,89438464,85.295166015625,0.500943041940142,10092.31494140625,0.8484848484848485,1.0,1.0,1.0,1.0,1.0,1.0,1.0,1.0,1.0
texture-all,fecam,texture,1,56,resnet18_cifar,0.01,10,0.00962253004933397,311.44273491206695,314345.28125,1150091356495.2095,13709087807426650,13709087807426650,0,38301453324,44699952,38560,44699952,89438464,85.295166015625,0.6374161332738973,10092.31494140625,1.0,1.0,0.29411764705882354,1.0,1.0,0.5,1.0,1.0,0.9411764705882353,1.0
texture-all,fecam,texture,2,52,resnet18_cifar,0.1,10,0.009486429866713782,313.87341174902394,316643.875,1150091422652.1619,13796495243387090,13796495243387090,0,38301453324,44699952,38560,44699952,89438464,85.295166015625,0.5023399832377132,10091.87109375,0.8518518518518519,1.0,1.0,1.0,1.0,1.0,1.0,0.23529411764705882,0.8095238095238095,1.0
texture-all,fecam,texture,2,53,resnet18_cifar,0.05,10,0.0031483288388699294,325.0708434189728,327873.4375,1150091422652.1619,13796495243387090,13796495243387090,0,38301453324,44699952,38560,44699952,89438464,85.295166015625,0.5703738874823708,10091.87109375,1.0,0.8,1.0,1.0,1.0,1.0,0.391304347826087,0.7647058823529411,1.0,1.0
texture-all,fecam,texture,2,54,resnet18_cifar,0.1,10,0.008359025651589035,321.3638669080101,324112.125,1150091422652.1619,13796495243387090,13796495243387090,0,38301453324,44699952,38560,44699952,89438464,85.295166015625,0.5475409499922534,10091.87109375,0.8888888888888888,0.68,1.0,1.0,1.0,0.3333333333333333,0.0,1.0,0.8571428571428571,1.0
texture-all,fecam,texture,2,55,resnet18_cifar,0.1,10,0.056168582290410995,317.9443861989712,320675.28125,1150091422652.1619,13796495243387090,13796495243387090,0,38301453324,44699952,38560,44699952,89438464,85.295166015625,0.5054333917845119,10091.87109375,0.9814814814814815,0.0,1.0,1.0,1.0,1.0,1.0,0.0,0.2857142857142857,1.0
texture-all,fecam,texture,2,56,resnet18_cifar,0.1,10,0.035976620173702636,321.6862905610178,325312.75,1150091422652.1619,13796495243387090,13796495243387090,0,38301453324,44699952,38560,44699952,89438464,85.295166015625,0.5022311916642744,10091.87109375,0.9629629629629629,0.44,0.8947368421052632,1.0,1.0,1.0,0.9130434782608695,0.0,0.7619047619047619,0.6111111111111112
texture-all,fecam,texture,3,52,resnet18_cifar,0.05,10,0.0014814594585914164,326.20289562206017,329021.46875,1150091306722.209,13837898138308210,13837898138308210,0,38301453324,44699952,38560,44699952,89438464,85.295166015625,0.596423458167313,10093.08056640625,1.0,1.0,0.0,1.0,1.0,0.8888888888888888,0.9130434782608695,1.0,1.0,1.0
texture-all,fecam,texture,3,53,resnet18_cifar,0.1,10,0.024035604887952408,321.41207972803386,324462.3125,1150091306722.209,13837898138308210,13837898138308210,0,38301453324,44699952,38560,44699952,89438464,85.295166015625,0.6731787584916068,10093.08056640625,0.4426229508196721,1.0,0.0,0.2857142857142857,0.16666666666666666,1.0,1.0,1.0,0.2,0.9411764705882353
texture-all,fecam,texture,3,54,resnet18_cifar,0.05,10,0.00624614378126959,320.51125603797846,323374.75,1150091306722.209,13837898138308210,13837898138308210,0,38301453324,44699952,38560,44699952,89438464,85.295166015625,0.50353917904431,10093.08056640625,1.0,1.0,0.0,1.0,1.0,1.0,0.7391304347826086,1.0,0.92,1.0
texture-all,fecam,texture,3,55,resnet18_cifar,0.1,10,0.15182806036124627,317.79962177498965,320489.90625,1150091306722.209,13837898138308210,13837898138308210,0,38301453324,44699952,38560,44699952,89438464,85.295166015625,0.501308966461996,10093.08056640625,0.6721311475409836,1.0,0.058823529411764705,0.5714285714285714,0.8333333333333334,0.3333333333333333,1.0,0.7619047619047619,0.56,0.0
texture-all,fecam,texture,3,56,resnet18_cifar,0.1,10,0.11633991729468107,328.2544810419786,331183.40625,1150091306722.209,13837898138308210,13837898138308210,0,38301453324,44699952,38560,44699952,89438464,85.295166015625,0.655357545959608,10093.08056640625,0.639344262295082,1.0,0.8823529411764706,0.5238095238095238,0.16666666666666666,1.0,0.8695652173913043,1.0,1.0,0.9411764705882353
texture-all,tagfex,texture,1,52,resnet18_cifar,0.05,10,0.0016105207439977675,271.5972370649397,273896.59375,1150091356495.2095,13709087807426650,13709087807426650,0,38301453324,44699952,38560,44699952,89438464,85.295166015625,0.4248320457312123,10090.97607421875,1.0,1.0,0.0,1.0,1.0,1.0,1.0,1.0,1.0,1.0
texture-all,tagfex,texture,1,53,resnet18_cifar,0.05,10,0.00268083744449541,263.6571201750485,265919.6875,1150091356495.2095,13709087807426650,13709087807426650,0,38301453324,44699952,38560,44699952,89438464,85.295166015625,0.4240606706540954,10090.97607421875,1.0,1.0,1.0,0.0,1.0,0.9444444444444444,1.0,1.0,1.0,1.0
texture-all,tagfex,texture,1,54,resnet18_cifar,0.01,10,0.012432208471000194,260.65721105996636,262904.90625,1150091356495.2095,13709087807426650,13709087807426650,0,38301453324,44699952,38560,44699952,89438464,85.295166015625,0.42447225823707413,10090.97607421875,1.0,1.0,1.0,0.0,1.0,1.0,1.0,1.0,0.9411764705882353,1.0
texture-all,tagfex,texture,1,55,resnet18_cifar,0.01,10,0.008835033358385166,255.86727406806313,258109.765625,1150091356495.2095,13709087807426650,13709087807426650,0,38301453324,44699952,38560,44699952,89438464,85.295166015625,0.424830741394544,10090.97607421875,1.0,1.0,1.0,0.09523809523809523,1.0,1.0,1.0,1.0,1.0,1.0
texture-all,tagfex,texture,1,56,resnet18_cifar,0.05,10,0.0012392712233122438,265.5553186170582,267925.4375,1150091356495.2095,13709087807426650,13709087807426650,0,38301453324,44699952,38560,44699952,89438464,85.295166015625,0.4248829586382878,10090.97607421875,0.9393939393939394,1.0,0.9411764705882353,0.7619047619047619,1.0,1.0,1.0,1.0,1.0,1.0
texture-all,tagfex,texture,2,52,resnet18_cifar,0.05,10,0.011572944609603534,270.8270383279596,273110.875,1150091422652.1619,13796495243387090,13796495243387090,0,38301453324,44699952,38560,44699952,89438464,85.295166015625,0.42486860414404265,10091.48779296875,0.9814814814814815,1.0,1.0,1.0,1.0,1.0,0.6956521739130435,1.0,0.9047619047619048,1.0
texture-all,tagfex,texture,2,53,resnet18_cifar,0.05,10,0.0031483288388699294,270.1161168499675,272391.5625,1150091422652.1619,13796495243387090,13796495243387090,0,38301453324,44699952,38560,44699952,89438464,85.295166015625,0.4269300249385803,10091.48779296875,1.0,0.8,1.0,1.0,1.0,1.0,0.391304347826087,0.7647058823529411,1.0,1.0
texture-all,tagfex,texture,2,54,resnet18_cifar,0.05,10,0.014473827423838277,265.57803096610587,267852.15625,1150091422652.1619,13796495243387090,13796495243387090,0,38301453324,44699952,38560,44699952,89438464,85.295166015625,0.4239833581474765,10091.48779296875,1.0,1.0,1.0,0.0,0.0,1.0,1.0,0.0,0.47619047619047616,1.0
texture-all,tagfex,texture,2,55,resnet18_cifar,0.01,10,0.013982269633561372,257.2982519429934,259529.140625,1150091422652.1619,13796495243387090,13796495243387090,0,38301453324,44699952,38560,44699952,89438464,85.295166015625,0.4243015751853818,10091.48779296875,1.0,1.0,1.0,0.9545454545454546,1.0,0.3888888888888889,1.0,0.0,0.6190476190476191,1.0
texture-all,tagfex,texture,2,56,resnet18_cifar,0.05,10,0.0013859759589346747,266.5273907650262,268944.46875,1150091422652.1619,13796495243387090,13796495243387090,0,38301453324,44699952,38560,44699952,89438464,85.295166015625,0.4248783374350751,10091.48779296875,1.0,0.16,1.0,1.0,1.0,1.0,1.0,1.0,1.0,1.0
texture-all,tagfex,texture,3,52,resnet18_cifar,0.05,10,0.0014814594585914164,254.40382842099643,256623.6875,1150091306722.209,13837898138308210,13837898138308210,0,38301453324,44699952,38560,44699952,89438464,85.295166015625,0.42643217918036197,10091.52880859375,1.0,1.0,0.0,1.0,1.0,0.8888888888888888,0.9130434782608695,1.0,1.0,1.0
texture-all,tagfex,texture,3,53,resnet18_cifar,0.05,10,0.00822936553352823,249.20908067698474,251360.5,1150091306722.209,13837898138308210,13837898138308210,0,38301453324,44699952,38560,44699952,89438464,85.295166015625,0.42594796674772323,10091.52880859375,1.0,1.0,0.0,1.0,1.0,0.9444444444444444,1.0,1.0,0.8,1.0
texture-all,tagfex,texture,3,54,resnet18_cifar,0.05,10,0.00624614378126959,248.8283938319364,251010.65625,1150091306722.209,13837898138308210,13837898138308210,0,38301453324,44699952,38560,44699952,89438464,85.295166015625,0.42617019995911204,10091.52880859375,1.0,1.0,0.0,1.0,1.0,1.0,0.7391304347826086,1.0,0.92,1.0
texture-all,tagfex,texture,3,55,resnet18_cifar,0.05,10,0.01427044291049242,247.5710796000203,249707.796875,1150091306722.209,13837898138308210,13837898138308210,0,38301453324,44699952,38560,44699952,89438464,85.295166015625,0.42434087093473255,10091.52880859375,1.0,1.0,1.0,1.0,0.3333333333333333,0.4444444444444444,1.0,0.47619047619047616,1.0,1.0
texture-all,tagfex,texture,3,56,resnet18_cifar,0.05,10,0.02953319262402753,244.077325322025,246196.5,1150091306722.209,13837898138308210,13837898138308210,0,38301453324,44699952,38560,44699952,89438464,85.295166015625,0.4241917208370675,10091.52880859375,0.6557377049180327,1.0,1.0,1.0,1.0,1.0,1.0,1.0,0.88,1.0
texture-all,cwr_star,texture,1,52,resnet18_cifar,0.1,10,0.06256453460082412,447.0658120440203,452218.625,1150091356495.2095,13709087807426650,13709087807426650,0,38301453324,44699952,38560,44699952,89438464,85.295166015625,0.9070581959046345,10092.31494140625,1.0,0.68,0.0,1.0,1.0,1.0,0.6111111111111112,1.0,1.0,1.0
texture-all,cwr_star,texture,1,53,resnet18_cifar,0.1,10,0.019389666275431712,445.94095434993505,450837.5625,1150091356495.2095,13709087807426650,13709087807426650,0,38301453324,44699952,38560,44699952,89438464,85.295166015625,0.8868311959910594,10092.31494140625,0.3333333333333333,1.0,0.0,0.0,1.0,0.0,0.5555555555555556,1.0,0.058823529411764705,1.0
texture-all,cwr_star,texture,1,54,resnet18_cifar,0.1,10,0.009339644480496645,447.42900689601083,451924.9375,1150091356495.2095,13709087807426650,13709087807426650,0,38301453324,44699952,38560,44699952,89438464,85.295166015625,0.9413562708990261,10092.31494140625,0.4696969696969697,0.0,0.5294117647058824,0.0,1.0,0.4444444444444444,0.4444444444444444,1.0,1.0,1.0
texture-all,cwr_star,texture,1,55,resnet18_cifar,0.1,10,0.07758180315916736,448.8412916480447,452994.65625,1150091356495.2095,13709087807426650,13709087807426650,0,38301453324,44699952,38560,44699952,89438464,85.295166015625,0.868017829513216,10092.31494140625,0.3333333333333333,1.0,0.0,0.0,1.0,0.0,0.9444444444444444,1.0,1.0,0.30434782608695654
texture-all,cwr_star,texture,1,56,resnet18_cifar,0.1,10,0.061017777863889934,444.08069171599345,448430.5,1150091356495.2095,13709087807426650,13709087807426650,0,38301453324,44699952,38560,44699952,89438464,85.295166015625,0.8340026665488646,10092.31494140625,0.9696969696969697,0.0,1.0,0.0,1.0,0.5,1.0,1.0,1.0,0.0
texture-all,cwr_star,texture,2,52,resnet18_cifar,0.1,10,0.009486429866713782,456.0027626839292,460555.5,1150091422652.1619,13796495243387090,13796495243387090,0,38301453324,44699952,38560,44699952,89438464,85.295166015625,0.9531251206984356,10091.87109375,0.8518518518518519,1.0,1.0,1.0,1.0,1.0,1.0,0.23529411764705882,0.8095238095238095,1.0
texture-all,cwr_star,texture,2,53,resnet18_cifar,0.1,10,0.03628235682845116,454.0468390150054,458480.125,1150091422652.1619,13796495243387090,13796495243387090,0,38301453324,44699952,38560,44699952,89438464,85.295166015625,0.8913179543014849,10091.87109375,0.9629629629629629,1.0,0.0,0.2727272727272727,1.0,1.0,1.0,0.29411764705882354,1.0,0.5555555555555556
texture-all,cwr_star,texture,2,54,resnet18_cifar,0.1,10,0.008359025651589035,457.04955132407486,461305.40625,1150091422652.1619,13796495243387090,13796495243387090,0,38301453324,44699952,38560,44699952,89438464,85.295166015625,0.8579560498522673,10091.87109375,0.8888888888888888,0.68,1.0,1.0,1.0,0.3333333333333333,0.0,1.0,0.8571428571428571,1.0
texture-all,cwr_star,texture,2,55,resnet18_cifar,0.1,10,0.056168582290410995,452.0387726080371,456504.3125,1150091422652.1619,13796495243387090,13796495243387090,0,38301453324,44699952,38560,44699952,89438464,85.295166015625,0.8858843040798092,10091.87109375,0.9814814814814815,0.0,1.0,1.0,1.0,1.0,1.0,0.0,0.2857142857142857,1.0
texture-all,cwr_star,texture,2,56,resnet18_cifar,0.1,10,0.035976620173702636,455.6148774069443,460398.1875,1150091422652.1619,13796495243387090,13796495243387090,0,38301453324,44699952,38560,44699952,89438464,85.295166015625,0.49736037508409936,10091.87109375,0.9629629629629629,0.44,0.8947368421052632,1.0,1.0,1.0,0.9130434782608695,0.0,0.7619047619047619,0.6111111111111112
texture-all,cwr_star,texture,3,52,resnet18_cifar,0.1,10,0.02662655608728528,452.6912675399799,457333.71875,1150091306722.209,13837898138308210,13837898138308210,0,38301453324,44699952,38560,44699952,89438464,85.295166015625,0.8483697540214052,10093.08056640625,0.9508196721311475,1.0,0.058823529411764705,0.14285714285714285,0.5555555555555556,0.7222222222222222,1.0,0.42857142857142855,0.32,0.17647058823529413
texture-all,cwr_star,texture,3,53,resnet18_cifar,0.1,10,0.024035604887952408,455.8579563869862,460840.125,1150091306722.209,13837898138308210,13837898138308210,0,38301453324,44699952,38560,44699952,89438464,85.295166015625,0.9577216957647275,10093.08056640625,0.4426229508196721,1.0,0.0,0.2857142857142857,0.16666666666666666,1.0,1.0,1.0,0.2,0.9411764705882353
texture-all,cwr_star,texture,3,54,resnet18_cifar,0.1,10,0.05862038042396307,452.5226400180254,456839.21875,1150091306722.209,13837898138308210,13837898138308210,0,38301453324,44699952,38560,44699952,89438464,85.295166015625,0.8832512959391655,10093.08056640625,0.9836065573770492,1.0,0.0,0.0,0.0,0.0,1.0,1.0,1.0,0.0
texture-all,cwr_star,texture,3,55,resnet18_cifar,0.1,10,0.15182806036124627,458.5954669149651,463237.96875,1150091306722.209,13837898138308210,13837898138308210,0,38301453324,44699952,38560,44699952,89438464,85.295166015625,0.982123775005069,10093.08056640625,0.6721311475409836,1.0,0.058823529411764705,0.5714285714285714,0.8333333333333334,0.3333333333333333,1.0,0.7619047619047619,0.56,0.0
texture-all,cwr_star,texture,3,56,resnet18_cifar,0.1,10,0.11633991729468107,464.71542521493393,469262.125,1150091306722.209,13837898138308210,13837898138308210,0,38301453324,44699952,38560,44699952,89438464,85.295166015625,0.8529586206956689,10093.08056640625,0.639344262295082,1.0,0.8823529411764706,0.5238095238095238,0.16666666666666666,1.0,0.8695652173913043,1.0,1.0,0.9411764705882353
