exp_name,method,dataset,order,seed,backbone,best_lr,tasks,final_epoch_train_loss,training_runtime_s,training_gpu_ms,terminal_flops_per_sample,overall_learning_flops,core_training_flops,learning_auxiliary_flops,single_sample_forward_flops,model_parameter_bytes,model_buffer_bytes,optimizer_state_bytes,persistent_storage_bytes,persistent_storage_mib,inference_latency_ms_per_sample,peak_allocated_gpu_memory_mib,task_1_acc,task_2_acc,task_3_acc,task_4_acc,task_5_acc,task_6_acc
uwave-5method,ewc,uwave,1,62,resnet18_cifar,0.1,6,0.028975206591076587,370.3146339089726,371265.59375,20068392918.36144,985224434710458,985224434710458,0,1113554952,44691744,38560,44691744,89422048,85.27951049804688,0.0371200390613272,498.375,0.9853372434017595,0.952755905511811,0.99,0.9910714285714286,0.9636363636363636,0.9811320754716981
uwave-5method,ewc,uwave,1,63,resnet18_cifar,0.05,6,0.00046830975154434534,425.1693886280409,426137.59375,20068392918.36144,985224434710458,985224434710458,0,1113554952,44691744,38560,44691744,89422048,85.27951049804688,0.03870782919485854,498.375,0.9912023460410557,1.0,1.0,1.0,0.9545454545454546,0.9905660377358491
uwave-5method,ewc,uwave,1,64,resnet18_cifar,0.1,6,0.018104277131013,403.80705686309375,404775.0,20068392918.36144,985224434710458,985224434710458,0,1113554952,44691744,38560,44691744,89422048,85.27951049804688,0.037922218780295225,498.375,0.9794721407624634,1.0,1.0,0.9642857142857143,0.9636363636363636,1.0
uwave-5method,ewc,uwave,1,65,resnet18_cifar,0.1,6,0.02413646168414023,399.33679608703824,400294.09375,20068392918.36144,985224434710458,985224434710458,0,1113554952,44691744,38560,44691744,89422048,85.27951049804688,0.03964439162830656,498.375,0.9472140762463344,0.9291338582677166,0.99,0.9910714285714286,0.9636363636363636,0.9811320754716981
uwave-5method,ewc,uwave,1,66,resnet18_cifar,0.05,6,0.007943701448432773,394.82295601896476,395812.96875,20068392918.36144,985224434710458,985224434710458,0,1113554952,44691744,38560,44691744,89422048,85.27951049804688,0.06098412846508187,498.375,0.9941348973607038,0.984251968503937,0.99,1.0,0.9727272727272728,1.0
uwave-5method,ewc,uwave,2,62,resnet18_cifar,0.05,6,0.003376640406403938,402.51647097297246,404059.65625,20068489541.685173,993189089523538,993189089523538,0,1113554952,44691744,38560,44691744,89422048,85.27951049804688,0.03740287716677163,498.6875,0.9968152866242038,1.0,0.9921259842519685,0.954954954954955,0.9818181818181818,0.9508196721311475
uwave-5method,ewc,uwave,2,63,resnet18_cifar,0.1,6,0.022658852364250165,396.94139013893437,397906.375,20068489541.685173,993189089523538,993189089523538,0,1113554952,44691744,38560,44691744,89422048,85.27951049804688,0.03831090173532305,498.6875,0.9968152866242038,0.7678571428571429,0.952755905511811,0.9099099099099099,0.9727272727272728,0.9836065573770492
uwave-5method,ewc,uwave,2,64,resnet18_cifar,0.05,6,0.0004384990924448534,398.4902681230451,399434.25,20068489541.685173,993189089523538,993189089523538,0,1113554952,44691744,38560,44691744,89422048,85.27951049804688,0.03635602570284391,498.6875,0.9968152866242038,1.0,0.9606299212598425,0.9819819819819819,0.9636363636363636,0.9672131147540983
uwave-5method,ewc,uwave,2,65,resnet18_cifar,0.1,6,0.025579611441647786,396.81060725898715,397760.9375,20068489541.685173,993189089523538,993189089523538,0,1113554952,44691744,38560,44691744,89422048,85.27951049804688,0.03645324341050582,498.6875,0.9904458598726115,0.9910714285714286,0.9606299212598425,0.972972972972973,0.9545454545454546,0.9754098360655737
uwave-5method,ewc,uwave,2,66,resnet18_cifar,0.1,6,0.04212517259691362,395.83513730205595,396792.15625,20068489541.685173,993189089523538,993189089523538,0,1113554952,44691744,38560,44691744,89422048,85.27951049804688,0.041510132827430164,498.6875,0.9936305732484076,0.9910714285714286,0.9763779527559056,0.963963963963964,0.9727272727272728,0.9672131147540983
uwave-5method,ewc,uwave,3,62,resnet18_cifar,0.1,6,0.05937467188595694,387.9221374329645,388883.0625,20068485183.470287,994660311337938,994660311337938,0,1113554952,44691744,38560,44691744,89422048,85.27951049804688,0.04057779577643877,500.568359375,0.9907407407407407,0.918918918918919,1.0,1.0,0.9754098360655737,0.8818897637795275
uwave-5method,ewc,uwave,3,63,resnet18_cifar,0.1,6,0.05530370173675264,383.4275688409689,384407.75,20068485183.470287,994660311337938,994660311337938,0,1113554952,44691744,38560,44691744,89422048,85.27951049804688,0.061383344862926084,500.568359375,0.9969135802469136,0.9369369369369369,0.99,1.0,0.9508196721311475,0.952755905511811
uwave-5method,ewc,uwave,3,64,resnet18_cifar,0.1,6,0.022932885913568325,382.33076977095334,383290.03125,20068485183.470287,994660311337938,994660311337938,0,1113554952,44691744,38560,44691744,89422048,85.27951049804688,0.03840007138933288,500.568359375,0.9938271604938271,0.8648648648648649,0.98,1.0,0.9836065573770492,0.9448818897637795
uwave-5method,ewc,uwave,3,65,resnet18_cifar,0.1,6,0.022752225421637396,383.18355124397203,384129.1875,20068485183.470287,994660311337938,994660311337938,0,1113554952,44691744,38560,44691744,89422048,85.27951049804688,0.036140208716720475,500.568359375,0.9969135802469136,0.8828828828828829,0.99,1.0,0.9508196721311475,0.984251968503937
uwave-5method,ewc,uwave,3,66,resnet18_cifar,0.05,6,0.0003559571828950292,391.0053070849972,391950.3125,20068485183.470287,994660311337938,994660311337938,0,1113554952,44691744,38560,44691744,89422048,85.27951049804688,0.03631401679220809,500.568359375,0.9969135802469136,0.972972972972973,1.0,1.0,0.9754098360655737,0.9921259842519685
uwave-5method,icarl,uwave,1,62,resnet18_cifar,0.05,6,0.00044626548738358726,420.2886943289777,421276.65625,20068392918.36144,985224434710458,985224434710458,0,1113554952,44691744,38560,44691744,89422048,85.27951049804688,0.04184572870664332,501.056640625,0.9941348973607038,1.0,1.0,1.0,0.9727272727272728,0.9905660377358491
uwave-5method,icarl,uwave,1,63,resnet18_cifar,0.05,6,0.00046830975154434534,411.638649318018,412602.75,20068392918.36144,985224434710458,985224434710458,0,1113554952,44691744,38560,44691744,89422048,85.27951049804688,0.04183815852749311,501.056640625,0.9912023460410557,1.0,1.0,1.0,0.9545454545454546,0.9905660377358491
uwave-5method,icarl,uwave,1,64,resnet18_cifar,0.05,6,0.0005690167692936083,411.75868257594993,412731.3125,20068392918.36144,985224434710458,985224434710458,0,1113554952,44691744,38560,44691744,89422048,85.27951049804688,0.04170462956868245,501.056640625,0.9912023460410557,1.0,1.0,1.0,0.990909090909091,1.0
uwave-5method,icarl,uwave,1,65,resnet18_cifar,0.05,6,0.00037324823843942366,408.88757157401415,409880.5,20068392918.36144,985224434710458,985224434710458,0,1113554952,44691744,38560,44691744,89422048,85.27951049804688,0.04060001330279712,501.056640625,0.9941348973607038,0.9921259842519685,1.0,1.0,0.9818181818181818,1.0
uwave-5method,icarl,uwave,1,66,resnet18_cifar,0.05,6,0.007943701448432773,413.53545724600554,414504.46875,20068392918.36144,985224434710458,985224434710458,0,1113554952,44691744,38560,44691744,89422048,85.27951049804688,0.04052793422358393,501.056640625,0.9941348973607038,0.984251968503937,0.99,1.0,0.9727272727272728,1.0
uwave-5method,icarl,uwave,2,62,resnet18_cifar,0.05,6,0.003376640406403938,434.56234054098604,435535.46875,20068489541.685173,993189089523538,993189089523538,0,1113554952,44691744,38560,44691744,89422048,85.27951049804688,0.04095701790772312,500.556640625,0.9968152866242038,1.0,0.9921259842519685,0.954954954954955,0.9818181818181818,0.9508196721311475
uwave-5method,icarl,uwave,2,63,resnet18_cifar,0.05,6,0.00043766502952535954,421.2389388529118,422839.125,20068489541.685173,993189089523538,993189089523538,0,1113554952,44691744,38560,44691744,89422048,85.27951049804688,0.0405348704199631,500.556640625,1.0,1.0,0.9921259842519685,0.972972972972973,0.9636363636363636,0.9836065573770492
uwave-5method,icarl,uwave,2,64,resnet18_cifar,0.01,6,0.0006159950714113242,470.3987327889772,471416.53125,20068489541.685173,993189089523538,993189089523538,0,1113554952,44691744,38560,44691744,89422048,85.27951049804688,0.0568663346192417,500.556640625,0.9968152866242038,1.0,0.952755905511811,0.9819819819819819,0.9636363636363636,0.9672131147540983
uwave-5method,icarl,uwave,2,65,resnet18_cifar,0.05,6,0.0003716042356946236,500.7793480589753,501835.65625,20068489541.685173,993189089523538,993189089523538,0,1113554952,44691744,38560,44691744,89422048,85.27951049804688,0.05960353116409221,500.556640625,1.0,1.0,0.968503937007874,0.9819819819819819,0.9727272727272728,0.9672131147540983
uwave-5method,icarl,uwave,2,66,resnet18_cifar,0.05,6,0.0008501855363743821,496.3575259008794,497403.09375,20068489541.685173,993189089523538,993189089523538,0,1113554952,44691744,38560,44691744,89422048,85.27951049804688,0.05370301992765495,500.556640625,0.9904458598726115,0.9910714285714286,1.0,0.9819819819819819,0.9818181818181818,0.9754098360655737
uwave-5method,icarl,uwave,3,62,resnet18_cifar,0.01,6,0.0006464922694449839,491.0750289490679,492116.03125,20068485183.470287,994660311337938,994660311337938,0,1113554952,44691744,38560,44691744,89422048,85.27951049804688,0.051272689688630635,503.57421875,1.0,0.9459459459459459,1.0,1.0,0.9672131147540983,0.984251968503937
uwave-5method,icarl,uwave,3,63,resnet18_cifar,0.01,6,0.0005886227017336659,482.0768162010354,483126.9375,20068485183.470287,994660311337938,994660311337938,0,1113554952,44691744,38560,44691744,89422048,85.27951049804688,0.048093094846990425,503.57421875,1.0,0.954954954954955,1.0,1.0,0.9672131147540983,0.984251968503937
uwave-5method,icarl,uwave,3,64,resnet18_cifar,0.01,6,0.0006440634168304882,474.69814739807043,475704.625,20068485183.470287,994660311337938,994660311337938,0,1113554952,44691744,38560,44691744,89422048,85.27951049804688,0.047101064735345845,503.57421875,1.0,0.9459459459459459,1.0,1.0,0.9672131147540983,0.984251968503937
uwave-5method,icarl,uwave,3,65,resnet18_cifar,0.05,6,0.0004947917925625897,484.3070334160002,485321.40625,20068485183.470287,994660311337938,994660311337938,0,1113554952,44691744,38560,44691744,89422048,85.27951049804688,0.04762418413000497,503.57421875,1.0,0.963963963963964,0.99,1.0,0.9836065573770492,0.9763779527559056
uwave-5method,icarl,uwave,3,66,resnet18_cifar,0.05,6,0.0003559571828950292,458.75615775497863,460359.125,20068485183.470287,994660311337938,994660311337938,0,1113554952,44691744,38560,44691744,89422048,85.27951049804688,0.04388930925155624,503.57421875,0.9969135802469136,0.972972972972973,1.0,1.0,0.9754098360655737,0.9921259842519685
uwave-5method,er_ace,uwave,1,62,resnet18_cifar,0.05,6,0.00044626548738358726,445.4309766689548,446707.4375,20068392918.36144,985224434710458,985224434710458,0,1113554952,44691744,38560,44691744,89422048,85.27951049804688,0.04435436812855187,503.06201171875,0.9941348973607038,1.0,1.0,1.0,0.9727272727272728,0.9905660377358491
uwave-5method,er_ace,uwave,1,63,resnet18_cifar,0.05,6,0.00046830975154434534,446.91655476402957,448070.6875,20068392918.36144,985224434710458,985224434710458,0,1113554952,44691744,38560,44691744,89422048,85.27951049804688,0.041638806838558855,503.06201171875,0.9912023460410557,1.0,1.0,1.0,0.9545454545454546,0.9905660377358491
uwave-5method,er_ace,uwave,1,64,resnet18_cifar,0.05,6,0.0005690167692936083,452.10337184590753,453260.59375,20068392918.36144,985224434710458,985224434710458,0,1113554952,44691744,38560,44691744,89422048,85.27951049804688,0.04653898765484753,503.06201171875,0.9912023460410557,1.0,1.0,1.0,0.990909090909091,1.0
uwave-5method,er_ace,uwave,1,65,resnet18_cifar,0.05,6,0.00037324823843942366,448.5859983940027,449691.5,20068392918.36144,985224434710458,985224434710458,0,1113554952,44691744,38560,44691744,89422048,85.27951049804688,0.04763529016470004,503.06201171875,0.9941348973607038,0.9921259842519685,1.0,1.0,0.9818181818181818,1.0
uwave-5method,er_ace,uwave,1,66,resnet18_cifar,0.05,6,0.007943701448432773,451.26138032984454,452404.03125,20068392918.36144,985224434710458,985224434710458,0,1113554952,44691744,38560,44691744,89422048,85.27951049804688,0.04241078685091842,503.06201171875,0.9941348973607038,0.984251968503937,0.99,1.0,0.9727272727272728,1.0
uwave-5method,er_ace,uwave,2,62,resnet18_cifar,0.05,6,0.003376640406403938,462.14618980995147,463283.34375,20068489541.685173,993189089523538,993189089523538,0,1113554952,44691744,38560,44691744,89422048,85.27951049804688,0.04070504909187938,501.18701171875,0.9968152866242038,1.0,0.9921259842519685,0.954954954954955,0.9818181818181818,0.9508196721311475
uwave-5method,er_ace,uwave,2,63,resnet18_cifar,0.05,6,0.00043766502952535954,476.2119828679715,477371.25,20068489541.685173,993189089523538,993189089523538,0,1113554952,44691744,38560,44691744,89422048,85.27951049804688,0.047637476589963104,501.18701171875,1.0,1.0,0.9921259842519685,0.972972972972973,0.9636363636363636,0.9836065573770492
uwave-5method,er_ace,uwave,2,64,resnet18_cifar,0.05,6,0.0004384990924448534,463.9195801590686,465105.875,20068489541.685173,993189089523538,993189089523538,0,1113554952,44691744,38560,44691744,89422048,85.27951049804688,0.0428949855242016,501.18701171875,0.9968152866242038,1.0,0.9606299212598425,0.9819819819819819,0.9636363636363636,0.9672131147540983
uwave-5method,er_ace,uwave,2,65,resnet18_cifar,0.05,6,0.0003716042356946236,461.4722628570162,462623.96875,20068489541.685173,993189089523538,993189089523538,0,1113554952,44691744,38560,44691744,89422048,85.27951049804688,0.04626799214487879,501.18701171875,1.0,1.0,0.968503937007874,0.9819819819819819,0.9727272727272728,0.9672131147540983
uwave-5method,er_ace,uwave,2,66,resnet18_cifar,0.05,6,0.0008501855363743821,438.3808595240116,439486.84375,20068489541.685173,993189089523538,993189089523538,0,1113554952,44691744,38560,44691744,89422048,85.27951049804688,0.044061059075569835,501.18701171875,0.9904458598726115,0.9910714285714286,1.0,0.9819819819819819,0.9818181818181818,0.9754098360655737
uwave-5method,er_ace,uwave,3,62,resnet18_cifar,0.05,6,0.00035089036895983737,450.48289729701355,451529.0625,20068485183.470287,994660311337938,994660311337938,0,1113554952,44691744,38560,44691744,89422048,85.27951049804688,0.04391333933589132,501.82421875,1.0,0.9459459459459459,1.0,1.0,0.9754098360655737,0.984251968503937
uwave-5method,er_ace,uwave,3,63,resnet18_cifar,0.05,6,0.006383758810679529,449.0138824880123,450103.875,20068485183.470287,994660311337938,994660311337938,0,1113554952,44691744,38560,44691744,89422048,85.27951049804688,0.04453415502731722,501.82421875,0.9969135802469136,0.9459459459459459,1.0,1.0,0.9180327868852459,0.9448818897637795
uwave-5method,er_ace,uwave,3,64,resnet18_cifar,0.01,6,0.0006440634168304882,451.61593480204465,452652.09375,20068485183.470287,994660311337938,994660311337938,0,1113554952,44691744,38560,44691744,89422048,85.27951049804688,0.042626281291242255,501.82421875,1.0,0.9459459459459459,1.0,1.0,0.9672131147540983,0.984251968503937
uwave-5method,er_ace,uwave,3,65,resnet18_cifar,0.1,6,0.022752225421637396,447.6929389720317,448753.03125,20068485183.470287,994660311337938,994660311337938,0,1113554952,44691744,38560,44691744,89422048,85.27951049804688,0.04552312611849629,501.82421875,0.9969135802469136,0.8828828828828829,0.99,1.0,0.9508196721311475,0.984251968503937
uwave-5method,er_ace,uwave,3,66,resnet18_cifar,0.05,6,0.0003559571828950292,448.07216543593677,449166.03125,20068485183.470287,994660311337938,994660311337938,0,1113554952,44691744,38560,44691744,89422048,85.27951049804688,0.0427752666577622,501.82421875,0.9969135802469136,0.972972972972973,1.0,1.0,0.9754098360655737,0.9921259842519685
uwave-5method,fecam,uwave,1,62,resnet18_cifar,0.1,6,0.028975206591076587,380.2952277940349,381415.96875,20068392918.36144,985224434710458,985224434710458,0,1113554952,44691744,38560,44691744,89422048,85.27951049804688,0.04247906144883018,500.25,0.9853372434017595,0.952755905511811,0.99,0.9910714285714286,0.9636363636363636,0.9811320754716981
uwave-5method,fecam,uwave,1,63,resnet18_cifar,0.1,6,0.022759912907349238,380.2270394809311,381323.875,20068392918.36144,985224434710458,985224434710458,0,1113554952,44691744,38560,44691744,89422048,85.27951049804688,0.04082990173109075,500.25,0.9648093841642229,0.984251968503937,0.98,0.9642857142857143,0.9727272727272728,1.0
uwave-5method,fecam,uwave,1,64,resnet18_cifar,0.1,6,0.018104277131013,380.683314314927,381810.65625,20068392918.36144,985224434710458,985224434710458,0,1113554952,44691744,38560,44691744,89422048,85.27951049804688,0.04058885152906961,500.25,0.9794721407624634,1.0,1.0,0.9642857142857143,0.9636363636363636,1.0
uwave-5method,fecam,uwave,1,65,resnet18_cifar,0.1,6,0.02413646168414023,380.1814580159844,381283.75,20068392918.36144,985224434710458,985224434710458,0,1113554952,44691744,38560,44691744,89422048,85.27951049804688,0.04114142965201089,500.25,0.9472140762463344,0.9291338582677166,0.99,0.9910714285714286,0.9636363636363636,0.9811320754716981
uwave-5method,fecam,uwave,1,66,resnet18_cifar,0.1,6,0.05034040702930181,380.6051438959548,381669.59375,20068392918.36144,985224434710458,985224434710458,0,1113554952,44691744,38560,44691744,89422048,85.27951049804688,0.04244863501818535,500.25,0.9589442815249267,0.9921259842519685,0.99,1.0,0.8636363636363636,0.9528301886792453
uwave-5method,fecam,uwave,2,62,resnet18_cifar,0.05,6,0.003376640406403938,386.92001114494633,388012.625,20068489541.685173,993189089523538,993189089523538,0,1113554952,44691744,38560,44691744,89422048,85.27951049804688,0.040702214391785674,499.07421875,0.9968152866242038,1.0,0.9921259842519685,0.954954954954955,0.9818181818181818,0.9508196721311475
uwave-5method,fecam,uwave,2,63,resnet18_cifar,0.1,6,0.022658852364250165,387.4093194010202,388558.21875,20068489541.685173,993189089523538,993189089523538,0,1113554952,44691744,38560,44691744,89422048,85.27951049804688,0.04134380807434874,499.07421875,0.9968152866242038,0.7678571428571429,0.952755905511811,0.9099099099099099,0.9727272727272728,0.9836065573770492
uwave-5method,fecam,uwave,2,64,resnet18_cifar,0.1,6,0.012743770962582078,389.08874346199445,390226.9375,20068489541.685173,993189089523538,993189089523538,0,1113554952,44691744,38560,44691744,89422048,85.27951049804688,0.04185075990140571,499.07421875,0.9872611464968153,1.0,0.9763779527559056,0.9819819819819819,0.990909090909091,0.9836065573770492
uwave-5method,fecam,uwave,2,65,resnet18_cifar,0.05,6,0.0003716042356946236,388.11420514504425,389236.8125,20068489541.685173,993189089523538,993189089523538,0,1113554952,44691744,38560,44691744,89422048,85.27951049804688,0.03942357359067371,499.07421875,1.0,1.0,0.968503937007874,0.9819819819819819,0.9727272727272728,0.9672131147540983
uwave-5method,fecam,uwave,2,66,resnet18_cifar,0.1,6,0.04212517259691362,389.04328648303635,390168.4375,20068489541.685173,993189089523538,993189089523538,0,1113554952,44691744,38560,44691744,89422048,85.27951049804688,0.04228778133048244,499.07421875,0.9936305732484076,0.9910714285714286,0.9763779527559056,0.963963963963964,0.9727272727272728,0.9672131147540983
uwave-5method,fecam,uwave,3,62,resnet18_cifar,0.1,6,0.05937467188595694,381.3313987891306,382500.1875,20068485183.470287,994660311337938,994660311337938,0,1113554952,44691744,38560,44691744,89422048,85.27951049804688,0.04083860702459268,501.580078125,0.9907407407407407,0.918918918918919,1.0,1.0,0.9754098360655737,0.8818897637795275
uwave-5method,fecam,uwave,3,63,resnet18_cifar,0.05,6,0.006383758810679529,371.89269226201577,373045.875,20068485183.470287,994660311337938,994660311337938,0,1113554952,44691744,38560,44691744,89422048,85.27951049804688,0.0393665389180699,501.580078125,0.9969135802469136,0.9459459459459459,1.0,1.0,0.9180327868852459,0.9448818897637795
uwave-5method,fecam,uwave,3,64,resnet18_cifar,0.1,6,0.022932885913568325,365.2368055488914,366362.125,20068485183.470287,994660311337938,994660311337938,0,1113554952,44691744,38560,44691744,89422048,85.27951049804688,0.037240454275888624,501.580078125,0.9938271604938271,0.8648648648648649,0.98,1.0,0.9836065573770492,0.9448818897637795
uwave-5method,fecam,uwave,3,65,resnet18_cifar,0.1,6,0.022752225421637396,365.74823424289934,366891.125,20068485183.470287,994660311337938,994660311337938,0,1113554952,44691744,38560,44691744,89422048,85.27951049804688,0.03731517290361808,501.580078125,0.9969135802469136,0.8828828828828829,0.99,1.0,0.9508196721311475,0.984251968503937
uwave-5method,fecam,uwave,3,66,resnet18_cifar,0.05,6,0.0003559571828950292,365.41741173999617,366553.21875,20068485183.470287,994660311337938,994660311337938,0,1113554952,44691744,38560,44691744,89422048,85.27951049804688,0.036535621607721884,501.580078125,0.9969135802469136,0.972972972972973,1.0,1.0,0.9754098360655737,0.9921259842519685
uwave-5method,cwr_star,uwave,1,62,resnet18_cifar,0.05,6,0.00044626548738358726,523.1745969498879,524368.125,20068392918.36144,985224434710458,985224434710458,0,1113554952,44691744,38560,44691744,89422048,85.27951049804688,0.05529447311606158,500.25,0.9941348973607038,1.0,1.0,1.0,0.9727272727272728,0.9905660377358491
uwave-5method,cwr_star,uwave,1,63,resnet18_cifar,0.01,6,0.0005974359036525186,522.8339437299874,524026.03125,20068392918.36144,985224434710458,985224434710458,0,1113554952,44691744,38560,44691744,89422048,85.27951049804688,0.05279388830915975,500.25,0.9912023460410557,1.0,1.0,1.0,0.9636363636363636,1.0
uwave-5method,cwr_star,uwave,1,64,resnet18_cifar,0.05,6,0.0005690167692936083,522.2400527119753,523451.5625,20068392918.36144,985224434710458,985224434710458,0,1113554952,44691744,38560,44691744,89422048,85.27951049804688,0.0531538549434377,500.25,0.9912023460410557,1.0,1.0,1.0,0.990909090909091,1.0
uwave-5method,cwr_star,uwave,1,65,resnet18_cifar,0.01,6,0.0005951316130923712,517.9652562740375,519139.34375,20068392918.36144,985224434710458,985224434710458,0,1113554952,44691744,38560,44691744,89422048,85.27951049804688,0.05369254456257165,500.25,0.9882697947214076,1.0,1.0,1.0,0.9636363636363636,0.9905660377358491
uwave-5method,cwr_star,uwave,1,66,resnet18_cifar,0.1,6,0.05034040702930181,517.0326402109931,518200.09375,20068392918.36144,985224434710458,985224434710458,0,1113554952,44691744,38560,44691744,89422048,85.27951049804688,0.05790442959810856,500.25,0.9589442815249267,0.9921259842519685,0.99,1.0,0.8636363636363636,0.9528301886792453
uwave-5method,cwr_star,uwave,2,62,resnet18_cifar,0.1,6,0.044519709300464054,528.6868024349096,529857.5,20068489541.685173,993189089523538,993189089523538,0,1113554952,44691744,38560,44691744,89422048,85.27951049804688,0.05654078911123049,499.07421875,0.9840764331210191,0.9553571428571429,0.9921259842519685,0.972972972972973,0.9090909090909091,0.9344262295081968
uwave-5method,cwr_star,uwave,2,63,resnet18_cifar,0.1,6,0.022658852364250165,536.0446685481002,537215.0,20068489541.685173,993189089523538,993189089523538,0,1113554952,44691744,38560,44691744,89422048,85.27951049804688,0.05096022420860079,499.07421875,0.9968152866242038,0.7678571428571429,0.952755905511811,0.9099099099099099,0.9727272727272728,0.9836065573770492
uwave-5method,cwr_star,uwave,2,64,resnet18_cifar,0.1,6,0.012743770962582078,540.9510872940882,542092.875,20068489541.685173,993189089523538,993189089523538,0,1113554952,44691744,38560,44691744,89422048,85.27951049804688,0.052187808056000255,499.07421875,0.9872611464968153,1.0,0.9763779527559056,0.9819819819819819,0.990909090909091,0.9836065573770492
uwave-5method,cwr_star,uwave,2,65,resnet18_cifar,0.05,6,0.0003716042356946236,506.88970820984105,508048.71875,20068489541.685173,993189089523538,993189089523538,0,1113554952,44691744,38560,44691744,89422048,85.27951049804688,0.05081111274713684,499.07421875,1.0,1.0,0.968503937007874,0.9819819819819819,0.9727272727272728,0.9672131147540983
uwave-5method,cwr_star,uwave,2,66,resnet18_cifar,0.1,6,0.04212517259691362,485.75714031700045,486857.53125,20068489541.685173,993189089523538,993189089523538,0,1113554952,44691744,38560,44691744,89422048,85.27951049804688,0.04318736273489776,499.07421875,0.9936305732484076,0.9910714285714286,0.9763779527559056,0.963963963963964,0.9727272727272728,0.9672131147540983
uwave-5method,cwr_star,uwave,3,62,resnet18_cifar,0.1,6,0.05937467188595694,490.6034773319843,491690.1875,20068485183.470287,994660311337938,994660311337938,0,1113554952,44691744,38560,44691744,89422048,85.27951049804688,0.04637536949303467,501.580078125,0.9907407407407407,0.918918918918919,1.0,1.0,0.9754098360655737,0.8818897637795275
uwave-5method,cwr_star,uwave,3,63,resnet18_cifar,0.1,6,0.05530370173675264,487.24937326001236,488350.3125,20068485183.470287,994660311337938,994660311337938,0,1113554952,44691744,38560,44691744,89422048,85.27951049804688,0.04373922774902894,501.580078125,0.9969135802469136,0.9369369369369369,0.99,1.0,0.9508196721311475,0.952755905511811
uwave-5method,cwr_star,uwave,3,64,resnet18_cifar,0.1,6,0.022932885913568325,484.6300302349264,485737.25,20068485183.470287,994660311337938,994660311337938,0,1113554952,44691744,38560,44691744,89422048,85.27951049804688,0.042889486654270774,501.580078125,0.9938271604938271,0.8648648648648649,0.98,1.0,0.9836065573770492,0.9448818897637795
uwave-5method,cwr_star,uwave,3,65,resnet18_cifar,0.1,6,0.022752225421637396,475.24337353394367,476358.65625,20068485183.470287,994660311337938,994660311337938,0,1113554952,44691744,38560,44691744,89422048,85.27951049804688,0.0438132833551208,501.580078125,0.9969135802469136,0.8828828828828829,0.99,1.0,0.9508196721311475,0.984251968503937
uwave-5method,cwr_star,uwave,3,66,resnet18_cifar,0.05,6,0.0003559571828950292,472.37897736101877,473502.1875,20068485183.470287,994660311337938,994660311337938,0,1113554952,44691744,38560,44691744,89422048,85.27951049804688,0.04628866619376432,501.580078125,0.9969135802469136,0.972972972972973,1.0,1.0,0.9754098360655737,0.9921259842519685
