exp_name,method,dataset,order,seed,backbone,best_lr,tasks,final_epoch_train_loss,training_runtime_s,training_gpu_ms,terminal_flops_per_sample,overall_learning_flops,core_training_flops,learning_auxiliary_flops,single_sample_forward_flops,model_parameter_bytes,model_buffer_bytes,optimizer_state_bytes,persistent_storage_bytes,persistent_storage_mib,inference_latency_ms_per_sample,peak_allocated_gpu_memory_mib,task_1_acc,task_2_acc,task_3_acc,task_4_acc
texture-all-4,ewc,texture,1,52,resnet18_cifar,0.01,4,0.011491992138326168,93.31829437499982,94092.2890625,460036583692.5639,5483635450898204,5483635450898204,0,38301453324,44699952,38560,44699952,89438464,85.295166015625,0.4017711958416233,10091.388671875,1.0,1.0,1.0,1.0
texture-all-4,ewc,texture,1,53,resnet18_cifar,0.01,4,0.023282173151771227,93.66651330300374,94436.6328125,460036583692.5639,5483635450898204,5483635450898204,0,38301453324,44699952,38560,44699952,89438464,85.295166015625,0.4132051624158824,10091.388671875,1.0,1.0,0.15384615384615385,1.0
texture-all-4,ewc,texture,1,54,resnet18_cifar,0.01,4,0.014843020588159561,93.19917619400076,93972.5234375,460036583692.5639,5483635450898204,5483635450898204,0,38301453324,44699952,38560,44699952,89438464,85.295166015625,0.4044786791685813,10091.388671875,1.0,1.0,1.0,1.0
texture-all-4,ewc,texture,1,55,resnet18_cifar,0.1,4,0.015154023841023444,92.74626786199224,93510.4453125,460036583692.5639,5483635450898204,5483635450898204,0,38301453324,44699952,38560,44699952,89438464,85.295166015625,0.4085766791225372,10091.388671875,0.3333333333333333,0.5396825396825397,0.8653846153846154,0.9830508474576272
texture-all-4,ewc,texture,1,56,resnet18_cifar,0.1,4,0.014950636168941855,92.29965050698956,93060.7265625,460036583692.5639,5483635450898204,5483635450898204,0,38301453324,44699952,38560,44699952,89438464,85.295166015625,0.4033032040752005,10091.388671875,0.9696969696969697,0.30158730158730157,0.8461538461538461,1.0
texture-all-4,ewc,texture,2,52,resnet18_cifar,0.01,4,0.04514487786218524,92.95030978199793,93695.640625,460036511146.28705,5525038338422924,5525038338422924,0,38301453324,44699952,38560,44699952,89438464,85.295166015625,0.39960267082885065,10091.84375,1.0,0.6666666666666666,1.0,0.875
texture-all-4,ewc,texture,2,53,resnet18_cifar,0.01,4,0.008215124284227689,93.19568125202204,93950.2890625,460036511146.28705,5525038338422924,5525038338422924,0,38301453324,44699952,38560,44699952,89438464,85.295166015625,0.3985243374700076,10091.84375,1.0,0.9545454545454546,0.90625,1.0
texture-all-4,ewc,texture,2,54,resnet18_cifar,0.01,4,0.022191523853689433,93.50832875698688,94263.3359375,460036511146.28705,5525038338422924,5525038338422924,0,38301453324,44699952,38560,44699952,89438464,85.295166015625,0.40086215418947785,10091.84375,1.0,0.6212121212121212,1.0,0.017857142857142856
texture-all-4,ewc,texture,2,55,resnet18_cifar,0.01,4,0.01087791978692015,93.20925281499512,93975.6953125,460036511146.28705,5525038338422924,5525038338422924,0,38301453324,44699952,38560,44699952,89438464,85.295166015625,0.4079271375303506,10091.84375,1.0,0.9848484848484849,0.71875,1.0
texture-all-4,ewc,texture,2,56,resnet18_cifar,0.01,4,0.00964565301934878,93.0390845869988,93813.7109375,460036511146.28705,5525038338422924,5525038338422924,0,38301453324,44699952,38560,44699952,89438464,85.295166015625,0.40042470833820215,10091.84375,1.0,1.0,1.0,1.0
texture-all-4,ewc,texture,3,52,resnet18_cifar,0.01,4,0.010906659966955582,92.24537057099224,92995.3046875,460036527550.81165,5529638662156084,5529638662156084,0,38301453324,44699952,38560,44699952,89438464,85.295166015625,0.4061260040543857,10091.388671875,0.9180327868852459,1.0,0.3898305084745763,0.9841269841269841
texture-all-4,ewc,texture,3,53,resnet18_cifar,0.01,4,0.009016297726581494,93.03480344099808,93803.5546875,460036527550.81165,5529638662156084,5529638662156084,0,38301453324,44699952,38560,44699952,89438464,85.295166015625,0.4020294375247128,10091.388671875,1.0,0.9649122807017544,1.0,1.0
texture-all-4,ewc,texture,3,54,resnet18_cifar,0.01,4,0.008300200135757526,92.9344431420177,93691.40625,460036527550.81165,5529638662156084,5529638662156084,0,38301453324,44699952,38560,44699952,89438464,85.295166015625,0.40321633338559576,10091.388671875,1.0,1.0,1.0,1.0
texture-all-4,ewc,texture,3,55,resnet18_cifar,0.01,4,0.007260026255001624,93.64403289298934,94416.3125,460036527550.81165,5529638662156084,5529638662156084,0,38301453324,44699952,38560,44699952,89438464,85.295166015625,0.40426921247368836,10091.388671875,1.0,1.0,1.0,1.0
texture-all-4,ewc,texture,3,56,resnet18_cifar,0.01,4,0.007949619057277839,92.32859752599325,93080.171875,460036527550.81165,5529638662156084,5529638662156084,0,38301453324,44699952,38560,44699952,89438464,85.295166015625,0.40318941664736485,10091.388671875,1.0,1.0,1.0,1.0
texture-all-4,icarl,texture,1,52,resnet18_cifar,0.1,4,0.017306679300963877,93.58158728999842,94346.8984375,460036583692.5639,5483635450898204,5483635450898204,0,38301453324,44699952,38560,44699952,89438464,85.295166015625,0.4058738208793026,10091.138671875,1.0,1.0,0.3269230769230769,0.9491525423728814
texture-all-4,icarl,texture,1,53,resnet18_cifar,0.05,4,0.002281527496719112,93.05455179800629,93812.4609375,460036583692.5639,5483635450898204,5483635450898204,0,38301453324,44699952,38560,44699952,89438464,85.295166015625,0.40273165420027607,10091.138671875,1.0,0.3968253968253968,0.7307692307692307,1.0
texture-all-4,icarl,texture,1,54,resnet18_cifar,0.1,4,0.026307496118048827,92.94522420398425,93705.953125,460036583692.5639,5483635450898204,5483635450898204,0,38301453324,44699952,38560,44699952,89438464,85.295166015625,0.40522962911685073,10091.138671875,0.4696969696969697,0.12698412698412698,0.8076923076923077,0.9830508474576272
texture-all-4,icarl,texture,1,55,resnet18_cifar,0.1,4,0.015154023841023444,92.87964828498662,93643.1640625,460036583692.5639,5483635450898204,5483635450898204,0,38301453324,44699952,38560,44699952,89438464,85.295166015625,0.40446038328809664,10091.138671875,0.3333333333333333,0.5396825396825397,0.8653846153846154,0.9830508474576272
texture-all-4,icarl,texture,1,56,resnet18_cifar,0.1,4,0.014950636168941855,93.10776120399532,93868.84375,460036583692.5639,5483635450898204,5483635450898204,0,38301453324,44699952,38560,44699952,89438464,85.295166015625,0.4051090832945192,10091.138671875,0.9696969696969697,0.30158730158730157,0.8461538461538461,1.0
texture-all-4,icarl,texture,2,52,resnet18_cifar,0.1,4,0.05712602424124877,95.10788165101258,95950.015625,460036511146.28705,5525038338422924,5525038338422924,0,38301453324,44699952,38560,44699952,89438464,85.295166015625,0.4029221999492923,10091.3701171875,0.8518518518518519,1.0,0.9375,0.10714285714285714
texture-all-4,icarl,texture,2,53,resnet18_cifar,0.1,4,0.012854673930754264,94.53171180101344,95295.8203125,460036511146.28705,5525038338422924,5525038338422924,0,38301453324,44699952,38560,44699952,89438464,85.295166015625,0.40166756237643614,10091.3701171875,0.9629629629629629,0.07575757575757576,0.859375,0.875
texture-all-4,icarl,texture,2,54,resnet18_cifar,0.1,4,0.0959911609068513,95.09213436899881,95856.8359375,460036511146.28705,5525038338422924,5525038338422924,0,38301453324,44699952,38560,44699952,89438464,85.295166015625,0.4017832499812357,10091.3701171875,0.8888888888888888,0.3939393939393939,0.984375,0.6607142857142857
texture-all-4,icarl,texture,2,55,resnet18_cifar,0.1,4,0.09218360558152199,94.80806635100453,95571.15625,460036511146.28705,5525038338422924,5525038338422924,0,38301453324,44699952,38560,44699952,89438464,85.295166015625,0.4020108250188059,10091.3701171875,0.9814814814814815,0.18181818181818182,0.640625,0.9464285714285714
texture-all-4,icarl,texture,2,56,resnet18_cifar,0.1,4,0.01135748076873521,94.75561998599733,95516.703125,460036511146.28705,5525038338422924,5525038338422924,0,38301453324,44699952,38560,44699952,89438464,85.295166015625,0.40534820000175387,10091.3701171875,0.9629629629629629,0.45454545454545453,1.0,0.9821428571428571
texture-all-4,icarl,texture,3,52,resnet18_cifar,0.1,4,0.006835048040375114,94.33972474098846,95111.2734375,460036527550.81165,5529638662156084,5529638662156084,0,38301453324,44699952,38560,44699952,89438464,85.295166015625,0.406247120918124,10091.70751953125,0.9508196721311475,0.3157894736842105,1.0,0.9365079365079365
texture-all-4,icarl,texture,3,53,resnet18_cifar,0.05,4,0.0007573828896662841,94.9223578950041,95692.828125,460036527550.81165,5529638662156084,5529638662156084,0,38301453324,44699952,38560,44699952,89438464,85.295166015625,0.4064135625109581,10091.70751953125,1.0,0.8947368421052632,0.6101694915254238,1.0
texture-all-4,icarl,texture,3,54,resnet18_cifar,0.1,4,0.039331803719202675,94.29037166300986,95062.1171875,460036527550.81165,5529638662156084,5529638662156084,0,38301453324,44699952,38560,44699952,89438464,85.295166015625,0.407711591712238,10091.70751953125,0.9836065573770492,0.7894736842105263,1.0,0.9682539682539683
texture-all-4,icarl,texture,3,55,resnet18_cifar,0.05,4,0.005624349163069079,94.76775529098813,95540.4296875,460036527550.81165,5529638662156084,5529638662156084,0,38301453324,44699952,38560,44699952,89438464,85.295166015625,0.404069487437179,10091.70751953125,1.0,0.3684210526315789,1.0,0.8412698412698413
texture-all-4,icarl,texture,3,56,resnet18_cifar,0.05,4,0.002880807457646976,94.78853305999655,95564.5078125,460036527550.81165,5529638662156084,5529638662156084,0,38301453324,44699952,38560,44699952,89438464,85.295166015625,0.4063424874402699,10091.70751953125,0.6557377049180327,1.0,1.0,1.0
texture-all-4,er_ace,texture,1,52,resnet18_cifar,0.1,4,0.017306679300963877,91.51340595498914,92259.4375,460036583692.5639,5483635450898204,5483635450898204,0,38301453324,44699952,38560,44699952,89438464,85.295166015625,0.4044172624465621,10092.19970703125,1.0,1.0,0.3269230769230769,0.9491525423728814
texture-all-4,er_ace,texture,1,53,resnet18_cifar,0.01,4,0.023282173151771227,90.99805889900017,91739.3203125,460036583692.5639,5483635450898204,5483635450898204,0,38301453324,44699952,38560,44699952,89438464,85.295166015625,0.40488692914853647,10092.19970703125,1.0,1.0,0.15384615384615385,1.0
texture-all-4,er_ace,texture,1,54,resnet18_cifar,0.1,4,0.026307496118048827,91.46140796798863,92221.0625,460036583692.5639,5483635450898204,5483635450898204,0,38301453324,44699952,38560,44699952,89438464,85.295166015625,0.4080741916671589,10092.19970703125,0.4696969696969697,0.12698412698412698,0.8076923076923077,0.9830508474576272
texture-all-4,er_ace,texture,1,55,resnet18_cifar,0.01,4,0.017826870021720728,93.10655819499516,93871.234375,460036583692.5639,5483635450898204,5483635450898204,0,38301453324,44699952,38560,44699952,89438464,85.295166015625,0.4076071751114796,10092.19970703125,1.0,0.9841269841269841,1.0,1.0
texture-all-4,er_ace,texture,1,56,resnet18_cifar,0.05,4,0.0021760586416348813,93.69758523500059,94457.953125,460036583692.5639,5483635450898204,5483635450898204,0,38301453324,44699952,38560,44699952,89438464,85.295166015625,0.4037863291159738,10092.19970703125,0.9393939393939394,0.20634920634920634,0.7884615384615384,1.0
texture-all-4,er_ace,texture,2,52,resnet18_cifar,0.01,4,0.04514487786218524,93.03955335599312,93793.1015625,460036511146.28705,5525038338422924,5525038338422924,0,38301453324,44699952,38560,44699952,89438464,85.295166015625,0.40210889164882246,10092.720703125,1.0,0.6666666666666666,1.0,0.875
texture-all-4,er_ace,texture,2,53,resnet18_cifar,0.01,4,0.008215124284227689,92.63726447701629,93387.421875,460036511146.28705,5525038338422924,5525038338422924,0,38301453324,44699952,38560,44699952,89438464,85.295166015625,0.40246342086902587,10092.720703125,1.0,0.9545454545454546,0.90625,1.0
texture-all-4,er_ace,texture,2,54,resnet18_cifar,0.01,4,0.022191523853689433,92.82792068901472,93578.90625,460036511146.28705,5525038338422924,5525038338422924,0,38301453324,44699952,38560,44699952,89438464,85.295166015625,0.401909645794755,10092.720703125,1.0,0.6212121212121212,1.0,0.017857142857142856
texture-all-4,er_ace,texture,2,55,resnet18_cifar,0.01,4,0.01087791978692015,92.9906407649978,93748.359375,460036511146.28705,5525038338422924,5525038338422924,0,38301453324,44699952,38560,44699952,89438464,85.295166015625,0.4010978375542133,10092.720703125,1.0,0.9848484848484849,0.71875,1.0
texture-all-4,er_ace,texture,2,56,resnet18_cifar,0.01,4,0.00964565301934878,94.31107339997834,95076.1171875,460036511146.28705,5525038338422924,5525038338422924,0,38301453324,44699952,38560,44699952,89438464,85.295166015625,0.4031870124284372,10092.720703125,1.0,1.0,1.0,1.0
texture-all-4,er_ace,texture,3,52,resnet18_cifar,0.01,4,0.010906659966955582,94.07389663999493,94842.453125,460036527550.81165,5529638662156084,5529638662156084,0,38301453324,44699952,38560,44699952,89438464,85.295166015625,0.4064744124965121,10093.5302734375,0.9180327868852459,1.0,0.3898305084745763,0.9841269841269841
texture-all-4,er_ace,texture,3,53,resnet18_cifar,0.05,4,0.0007573828896662841,94.04539108400058,94809.421875,460036527550.81165,5529638662156084,5529638662156084,0,38301453324,44699952,38560,44699952,89438464,85.295166015625,0.407054887424844,10093.5302734375,1.0,0.8947368421052632,0.6101694915254238,1.0
texture-all-4,er_ace,texture,3,54,resnet18_cifar,0.01,4,0.008300200135757526,94.15893558999232,94926.0703125,460036527550.81165,5529638662156084,5529638662156084,0,38301453324,44699952,38560,44699952,89438464,85.295166015625,0.403788066735918,10093.5302734375,1.0,1.0,1.0,1.0
texture-all-4,er_ace,texture,3,55,resnet18_cifar,0.05,4,0.005624349163069079,93.99056418599503,94755.359375,460036527550.81165,5529638662156084,5529638662156084,0,38301453324,44699952,38560,44699952,89438464,85.295166015625,0.40694552086885477,10093.5302734375,1.0,0.3684210526315789,1.0,0.8412698412698413
texture-all-4,er_ace,texture,3,56,resnet18_cifar,0.05,4,0.002880807457646976,94.18890769999416,94951.8203125,460036527550.81165,5529638662156084,5529638662156084,0,38301453324,44699952,38560,44699952,89438464,85.295166015625,0.40295365415659035,10093.5302734375,0.6557377049180327,1.0,1.0,1.0
texture-all-4,fecam,texture,1,52,resnet18_cifar,0.01,4,0.011491992138326168,144.2647966400109,145322.984375,460036583692.5639,5483635450898204,5483635450898204,0,38301453324,44699952,38560,44699952,89438464,85.295166015625,0.7096259292059889,10091.388671875,1.0,1.0,1.0,1.0
texture-all-4,fecam,texture,1,53,resnet18_cifar,0.05,4,0.002281527496719112,141.39943156400113,142354.578125,460036583692.5639,5483635450898204,5483635450898204,0,38301453324,44699952,38560,44699952,89438464,85.295166015625,0.5797747791196647,10091.388671875,1.0,0.3968253968253968,0.7307692307692307,1.0
texture-all-4,fecam,texture,1,54,resnet18_cifar,0.1,4,0.026307496118048827,139.97341011697426,141148.859375,460036583692.5639,5483635450898204,5483635450898204,0,38301453324,44699952,38560,44699952,89438464,85.295166015625,0.720322683264385,10091.388671875,0.4696969696969697,0.12698412698412698,0.8076923076923077,0.9830508474576272
texture-all-4,fecam,texture,1,55,resnet18_cifar,0.05,4,0.0009592924849130213,140.38271552999504,141497.515625,460036583692.5639,5483635450898204,5483635450898204,0,38301453324,44699952,38560,44699952,89438464,85.295166015625,0.8253273751203475,10091.388671875,0.8484848484848485,0.3968253968253968,0.9807692307692307,1.0
texture-all-4,fecam,texture,1,56,resnet18_cifar,0.01,4,0.01185264065861702,144.3733950710157,145526.59375,460036583692.5639,5483635450898204,5483635450898204,0,38301453324,44699952,38560,44699952,89438464,85.295166015625,0.42384755846190575,10091.388671875,1.0,0.6349206349206349,1.0,0.9830508474576272
texture-all-4,fecam,texture,2,52,resnet18_cifar,0.1,4,0.05712602424124877,142.6936347729934,143789.609375,460036511146.28705,5525038338422924,5525038338422924,0,38301453324,44699952,38560,44699952,89438464,85.295166015625,0.6575294417416444,10091.84375,0.8518518518518519,1.0,0.9375,0.10714285714285714
texture-all-4,fecam,texture,2,53,resnet18_cifar,0.05,4,0.0015417509654071181,140.73904303400195,141805.921875,460036511146.28705,5525038338422924,5525038338422924,0,38301453324,44699952,38560,44699952,89438464,85.295166015625,0.5669427458390904,10091.84375,1.0,0.6515151515151515,1.0,1.0
texture-all-4,fecam,texture,2,54,resnet18_cifar,0.1,4,0.0959911609068513,140.45334250899032,141523.75,460036511146.28705,5525038338422924,5525038338422924,0,38301453324,44699952,38560,44699952,89438464,85.295166015625,0.6690347708475505,10091.84375,0.8888888888888888,0.3939393939393939,0.984375,0.6607142857142857
texture-all-4,fecam,texture,2,55,resnet18_cifar,0.1,4,0.09218360558152199,145.9497270629945,147232.671875,460036511146.28705,5525038338422924,5525038338422924,0,38301453324,44699952,38560,44699952,89438464,85.295166015625,0.7662820666761642,10091.84375,0.9814814814814815,0.18181818181818182,0.640625,0.9464285714285714
texture-all-4,fecam,texture,2,56,resnet18_cifar,0.1,4,0.01135748076873521,142.1123609420174,143225.21875,460036511146.28705,5525038338422924,5525038338422924,0,38301453324,44699952,38560,44699952,89438464,85.295166015625,0.6622456625336781,10091.84375,0.9629629629629629,0.45454545454545453,1.0,0.9821428571428571
texture-all-4,fecam,texture,3,52,resnet18_cifar,0.05,4,0.0027471282247764368,141.321095805004,142468.546875,460036527550.81165,5529638662156084,5529638662156084,0,38301453324,44699952,38560,44699952,89438464,85.295166015625,0.4912000832822135,10091.388671875,1.0,1.0,0.9491525423728814,1.0
texture-all-4,fecam,texture,3,53,resnet18_cifar,0.1,4,0.012093558333193262,139.951574642997,140965.875,460036527550.81165,5529638662156084,5529638662156084,0,38301453324,44699952,38560,44699952,89438464,85.295166015625,0.5567695665983289,10091.388671875,0.4426229508196721,0.43859649122807015,0.7288135593220338,0.9841269841269841
texture-all-4,fecam,texture,3,54,resnet18_cifar,0.05,4,0.024750519978503385,145.96943461100454,147097.203125,460036527550.81165,5529638662156084,5529638662156084,0,38301453324,44699952,38560,44699952,89438464,85.295166015625,0.7067707249613401,10091.388671875,1.0,0.8947368421052632,0.9830508474576272,0.6666666666666666
texture-all-4,fecam,texture,3,55,resnet18_cifar,0.1,4,0.023744334653019904,143.37116056999366,144445.21875,460036527550.81165,5529638662156084,5529638662156084,0,38301453324,44699952,38560,44699952,89438464,85.295166015625,0.4801274249984999,10091.388671875,0.6721311475409836,0.7543859649122807,1.0,0.7142857142857143
texture-all-4,fecam,texture,3,56,resnet18_cifar,0.1,4,0.012874886572050551,141.58975079099764,142660.140625,460036527550.81165,5529638662156084,5529638662156084,0,38301453324,44699952,38560,44699952,89438464,85.295166015625,0.5594383458325561,10091.388671875,0.639344262295082,0.8070175438596491,0.9661016949152542,0.9682539682539683
texture-all-4,tagfex,texture,1,52,resnet18_cifar,0.01,4,0.011491992138326168,92.49399586301297,93297.671875,460036583692.5639,5483635450898204,5483635450898204,0,38301453324,44699952,38560,44699952,89438464,85.295166015625,0.4011716209182244,10090.201171875,1.0,1.0,1.0,1.0
texture-all-4,tagfex,texture,1,53,resnet18_cifar,0.1,4,0.05617151701201995,92.68406877902453,93488.796875,460036583692.5639,5483635450898204,5483635450898204,0,38301453324,44699952,38560,44699952,89438464,85.295166015625,0.4019850167120846,10090.201171875,0.3333333333333333,0.6190476190476191,1.0,0.9830508474576272
texture-all-4,tagfex,texture,1,54,resnet18_cifar,0.01,4,0.014843020588159561,92.72970004499075,93532.953125,460036583692.5639,5483635450898204,5483635450898204,0,38301453324,44699952,38560,44699952,89438464,85.295166015625,0.4022986334045224,10090.201171875,1.0,1.0,1.0,1.0
texture-all-4,tagfex,texture,1,55,resnet18_cifar,0.01,4,0.017826870021720728,92.95561528600228,93754.0625,460036583692.5639,5483635450898204,5483635450898204,0,38301453324,44699952,38560,44699952,89438464,85.295166015625,0.39988047077107086,10090.201171875,1.0,0.9841269841269841,1.0,1.0
texture-all-4,tagfex,texture,1,56,resnet18_cifar,0.05,4,0.0021760586416348813,93.29075596002804,95293.65625,460036583692.5639,5483635450898204,5483635450898204,0,38301453324,44699952,38560,44699952,89438464,85.295166015625,0.4017304749747079,10090.201171875,0.9393939393939394,0.20634920634920634,0.7884615384615384,1.0
texture-all-4,tagfex,texture,2,52,resnet18_cifar,0.01,4,0.04514487786218524,97.46064993800246,98270.375,460036511146.28705,5525038338422924,5525038338422924,0,38301453324,44699952,38560,44699952,89438464,85.295166015625,0.399710374949791,10090.201171875,1.0,0.6666666666666666,1.0,0.875
texture-all-4,tagfex,texture,2,53,resnet18_cifar,0.05,4,0.0015417509654071181,96.90641231398331,97701.953125,460036511146.28705,5525038338422924,5525038338422924,0,38301453324,44699952,38560,44699952,89438464,85.295166015625,0.39864188329374883,10090.201171875,1.0,0.6515151515151515,1.0,1.0
texture-all-4,tagfex,texture,2,54,resnet18_cifar,0.01,4,0.022191523853689433,96.22339685802581,97035.0625,460036511146.28705,5525038338422924,5525038338422924,0,38301453324,44699952,38560,44699952,89438464,85.295166015625,0.3986992916907184,10090.201171875,1.0,0.6212121212121212,1.0,0.017857142857142856
texture-all-4,tagfex,texture,2,55,resnet18_cifar,0.01,4,0.01087791978692015,95.25597761798417,96050.03125,460036511146.28705,5525038338422924,5525038338422924,0,38301453324,44699952,38560,44699952,89438464,85.295166015625,0.39820978339169716,10090.201171875,1.0,0.9848484848484849,0.71875,1.0
texture-all-4,tagfex,texture,2,56,resnet18_cifar,0.01,4,0.00964565301934878,96.72947095401469,97540.359375,460036511146.28705,5525038338422924,5525038338422924,0,38301453324,44699952,38560,44699952,89438464,85.295166015625,0.39818251249622943,10090.201171875,1.0,1.0,1.0,1.0
texture-all-4,tagfex,texture,3,52,resnet18_cifar,0.01,4,0.010906659966955582,99.72007634598413,100522.734375,460036527550.81165,5529638662156084,5529638662156084,0,38301453324,44699952,38560,44699952,89438464,85.295166015625,0.4021022124409986,10090.50732421875,0.9180327868852459,1.0,0.3898305084745763,0.9841269841269841
texture-all-4,tagfex,texture,3,53,resnet18_cifar,0.1,4,0.012093558333193262,97.17857174700475,97971.40625,460036527550.81165,5529638662156084,5529638662156084,0,38301453324,44699952,38560,44699952,89438464,85.295166015625,0.40144020416240284,10090.50732421875,0.4426229508196721,0.43859649122807015,0.7288135593220338,0.9841269841269841
texture-all-4,tagfex,texture,3,54,resnet18_cifar,0.01,4,0.008300200135757526,98.12557288698736,98921.21875,460036527550.81165,5529638662156084,5529638662156084,0,38301453324,44699952,38560,44699952,89438464,85.295166015625,0.4013897582505403,10090.50732421875,1.0,1.0,1.0,1.0
texture-all-4,tagfex,texture,3,55,resnet18_cifar,0.01,4,0.007260026255001624,99.81933981699694,100621.2109375,460036527550.81165,5529638662156084,5529638662156084,0,38301453324,44699952,38560,44699952,89438464,85.295166015625,0.40179608749895124,10090.50732421875,1.0,1.0,1.0,1.0
texture-all-4,tagfex,texture,3,56,resnet18_cifar,0.05,4,0.002880807457646976,100.76763047500572,101573.703125,460036527550.81165,5529638662156084,5529638662156084,0,38301453324,44699952,38560,44699952,89438464,85.295166015625,0.40370229580730665,10090.50732421875,0.6557377049180327,1.0,1.0,1.0
texture-all-4,cwr_star,texture,1,52,resnet18_cifar,0.01,4,0.011491992138326168,179.53195209799742,181316.953125,460036583692.5639,5483635450898204,5483635450898204,0,38301453324,44699952,38560,44699952,89438464,85.295166015625,0.9030272292269123,10091.388671875,1.0,1.0,1.0,1.0
texture-all-4,cwr_star,texture,1,53,resnet18_cifar,0.01,4,0.023282173151771227,180.11216610898555,181686.8125,460036583692.5639,5483635450898204,5483635450898204,0,38301453324,44699952,38560,44699952,89438464,85.295166015625,0.8488288874408075,10091.388671875,1.0,1.0,0.15384615384615385,1.0
texture-all-4,cwr_star,texture,1,54,resnet18_cifar,0.01,4,0.014843020588159561,182.47145681698748,184109.921875,460036583692.5639,5483635450898204,5483635450898204,0,38301453324,44699952,38560,44699952,89438464,85.295166015625,0.938602987480408,10091.388671875,1.0,1.0,1.0,1.0
texture-all-4,cwr_star,texture,1,55,resnet18_cifar,0.01,4,0.017826870021720728,181.39210306100722,182738.1875,460036583692.5639,5483635450898204,5483635450898204,0,38301453324,44699952,38560,44699952,89438464,85.295166015625,0.9367520499533081,10091.388671875,1.0,0.9841269841269841,1.0,1.0
texture-all-4,cwr_star,texture,1,56,resnet18_cifar,0.01,4,0.01185264065861702,177.94136949098902,179380.90625,460036583692.5639,5483635450898204,5483635450898204,0,38301453324,44699952,38560,44699952,89438464,85.295166015625,0.9032818374786681,10091.388671875,1.0,0.6349206349206349,1.0,0.9830508474576272
texture-all-4,cwr_star,texture,2,52,resnet18_cifar,0.01,4,0.04514487786218524,181.4014695579972,182946.03125,460036511146.28705,5525038338422924,5525038338422924,0,38301453324,44699952,38560,44699952,89438464,85.295166015625,0.8209163875411226,10091.84375,1.0,0.6666666666666666,1.0,0.875
texture-all-4,cwr_star,texture,2,53,resnet18_cifar,0.01,4,0.008215124284227689,183.73919375000696,185821.609375,460036511146.28705,5525038338422924,5525038338422924,0,38301453324,44699952,38560,44699952,89438464,85.295166015625,0.8818767542228064,10091.84375,1.0,0.9545454545454546,0.90625,1.0
texture-all-4,cwr_star,texture,2,54,resnet18_cifar,0.01,4,0.022191523853689433,181.73364755199873,183206.40625,460036511146.28705,5525038338422924,5525038338422924,0,38301453324,44699952,38560,44699952,89438464,85.295166015625,0.5478143124491908,10091.84375,1.0,0.6212121212121212,1.0,0.017857142857142856
texture-all-4,cwr_star,texture,2,55,resnet18_cifar,0.01,4,0.01087791978692015,181.4296725979948,183138.96875,460036511146.28705,5525038338422924,5525038338422924,0,38301453324,44699952,38560,44699952,89438464,85.295166015625,0.9328616333732498,10091.84375,1.0,0.9848484848484849,0.71875,1.0
texture-all-4,cwr_star,texture,2,56,resnet18_cifar,0.01,4,0.00964565301934878,183.58061536599416,185548.875,460036511146.28705,5525038338422924,5525038338422924,0,38301453324,44699952,38560,44699952,89438464,85.295166015625,0.9074523541130475,10091.84375,1.0,1.0,1.0,1.0
texture-all-4,cwr_star,texture,3,52,resnet18_cifar,0.01,4,0.010906659966955582,185.37660565398983,187102.34375,460036527550.81165,5529638662156084,5529638662156084,0,38301453324,44699952,38560,44699952,89438464,85.295166015625,0.8502040999398256,10091.388671875,0.9180327868852459,1.0,0.3898305084745763,0.9841269841269841
texture-all-4,cwr_star,texture,3,53,resnet18_cifar,0.05,4,0.0007573828896662841,184.13108215699322,185699.71875,460036527550.81165,5529638662156084,5529638662156084,0,38301453324,44699952,38560,44699952,89438464,85.295166015625,0.8090246957484245,10091.388671875,1.0,0.8947368421052632,0.6101694915254238,1.0
texture-all-4,cwr_star,texture,3,54,resnet18_cifar,0.01,4,0.008300200135757526,185.45542960599414,186980.265625,460036527550.81165,5529638662156084,5529638662156084,0,38301453324,44699952,38560,44699952,89438464,85.295166015625,0.9345484250540418,10091.388671875,1.0,1.0,1.0,1.0
texture-all-4,cwr_star,texture,3,55,resnet18_cifar,0.01,4,0.007260026255001624,179.21350947399333,181104.421875,460036527550.81165,5529638662156084,5529638662156084,0,38301453324,44699952,38560,44699952,89438464,85.295166015625,0.9171810290960517,10091.388671875,1.0,1.0,1.0,1.0
texture-all-4,cwr_star,texture,3,56,resnet18_cifar,0.01,4,0.007949619057277839,185.4101349160046,186817.859375,460036527550.81165,5529638662156084,5529638662156084,0,38301453324,44699952,38560,44699952,89438464,85.295166015625,0.8244824792200234,10091.388671875,1.0,1.0,1.0,1.0
