exp_name,method,dataset,order,seed,backbone,lr_candidates,loss_selection,best_lr,best_loss,total_search_flops,storage_bytes,tasks,selection_loss_eval_flops,average_incremental_accuracy,final_average_accuracy,average_forgetting,mean_final_accuracy_loss,backward_transfer,worst_forgotten_task,forgetting_mean,forgetting_median,forgetting_std,forgetting_min,forgetting_q25,forgetting_q75,forgetting_max,forgetting_positive_fraction,task_end_seen_accuracy_curve,forgetting_per_task,intransigence,intransigence_mean,final_hidden_neurons,training_runtime_s,training_gpu_ms,initial_task_s,incremental_tasks_total_s,mean_incremental_task_s,median_incremental_task_s,terminal_flops_per_sample,overall_learning_flops,core_training_flops,learning_auxiliary_flops,single_sample_forward_flops,model_parameter_bytes,replay_sample_bytes,replay_label_bytes,auxiliary_bytes,persistent_storage_bytes,persistent_storage_mib,inference_latency_ms_per_sample,peak_allocated_gpu_memory_mib
uwave-5method,ewc,uwave,1,62,resnet18_cifar,"[0.1,0.05,0.01]",last_epoch_train_mean,0.1,9.850323532804404e-05,755469269148582,44691744,6,0,0.3108457566086385,0.11830357142857142,0.9988269794721407,0.9988269794721407,-0.9988269794721407,2,0.9988269794721407,1.0,0.002346041055718473,0.9941348973607038,1.0,1.0,1.0,1.0,"[0.9941348973607038,0.27136752136752135,0.176056338028169,0.16470588235294117,0.14050632911392405,0.11830357142857142]","[0.9941348973607038,1.0,1.0,1.0,1.0]","[-0.008797653958944274,-0.047244094488189003,-0.010000000000000009,-0.008928571428571397,-0.036363636363636376,-0.018867924528301883]",-0.021700313461273824,512,285.4673788580694,285476.90625,38.662233704992104,246.80514515307732,49.36102903061546,45.027483945013955,40144369251.40717,251823089716194,239853452371878,11969637344316,1113554952,44691744,0,0,581031240,625722984,596.7359390258789,0.05592825774718741,1131.96240234375
uwave-5method,ewc,uwave,1,63,resnet18_cifar,"[0.1,0.05,0.01]",last_epoch_train_mean,0.05,0.003094741812033275,755469269148582,44691744,6,0,0.3101460275912288,0.11830357142857142,0.9982404692082112,0.9982404692082112,-0.9982404692082112,2,0.9982404692082112,1.0,0.0035190615835777096,0.9912023460410557,1.0,1.0,1.0,1.0,"[0.9912023460410557,0.27136752136752135,0.176056338028169,0.16470588235294117,0.13924050632911392,0.11830357142857142]","[0.9912023460410557,1.0,1.0,1.0,1.0]","[0.0,0.0,0.0,0.0,-0.045454545454545414,-0.009433962264150941]",-0.009148084619782726,512,276.1832854289678,276192.265625,36.30873279698426,239.87455263198353,47.974910526396705,44.34300030901795,40144369251.40717,251823089716194,239853452371878,11969637344316,1113554952,44691744,0,0,581031240,625722984,596.7359390258789,0.038690704124227135,1134.21240234375
uwave-5method,ewc,uwave,1,64,resnet18_cifar,"[0.1,0.05,0.01]",last_epoch_train_mean,0.1,9.908032402783911e-05,755469269148582,44691744,6,0,0.3101460275912288,0.11830357142857142,0.9982404692082112,0.9982404692082112,-0.9982404692082112,2,0.9982404692082112,1.0,0.0035190615835777096,0.9912023460410557,1.0,1.0,1.0,1.0,"[0.9912023460410557,0.27136752136752135,0.176056338028169,0.16470588235294117,0.13924050632911392,0.11830357142857142]","[0.9912023460410557,1.0,1.0,1.0,1.0]","[-0.011730205278592365,0.0,0.0,-0.0357142857142857,-0.036363636363636376,0.0]",-0.01396802122608574,512,270.89194046496414,270900.7734375,36.033060232992284,234.85888023197185,46.97177604639437,43.05100921704434,40144369251.40717,251823089716194,239853452371878,11969637344316,1113554952,44691744,0,0,581031240,625722984,596.7359390258789,0.037693476445253636,1134.21240234375
uwave-5method,ewc,uwave,1,65,resnet18_cifar,"[0.1,0.05,0.01]",last_epoch_train_mean,0.1,0.00014882192163346623,755469269148582,44691744,6,0,0.31039112563044446,0.11830357142857142,0.9982404692082112,0.9982404692082112,-0.9982404692082112,2,0.9982404692082112,1.0,0.0035190615835777096,0.9912023460410557,1.0,1.0,1.0,1.0,"[0.9912023460410557,0.27136752136752135,0.176056338028169,0.1661764705882353,0.13924050632911392,0.11830357142857142]","[0.9912023460410557,1.0,1.0,1.0,1.0]","[-0.04398826979472137,-0.07086614173228345,-0.010000000000000009,-0.008928571428571397,-0.036363636363636376,-0.018867924528301883]",-0.03150242397458575,512,270.97857403900707,270987.328125,35.64089390600566,235.3376801330014,47.06753602660028,42.879388668981846,40144369251.40717,251823089716194,239853452371878,11969637344316,1113554952,44691744,0,0,581031240,625722984,596.7359390258789,0.03790776561020591,1134.21240234375
uwave-5method,ewc,uwave,1,66,resnet18_cifar,"[0.1,0.05,0.01]",last_epoch_train_mean,0.05,0.00015859176827356678,755469269148582,44691744,6,0,0.30770223482485537,0.11830357142857142,0.9953079178885631,0.9953079178885631,-0.9953079178885631,2,0.9953079178885631,1.0,0.009384164222873893,0.9765395894428153,1.0,1.0,1.0,1.0,"[0.9765395894428153,0.27136752136752135,0.176056338028169,0.16470588235294117,0.13924050632911392,0.11830357142857142]","[0.9765395894428153,1.0,1.0,1.0,1.0]","[0.017595307917888547,-0.015748031496062964,-0.010000000000000009,0.0,-0.027272727272727226,0.0]",-0.005904241808483608,512,270.47269050992327,270481.458984375,35.852277321973816,234.62041318794945,46.92408263758989,42.8134651259752,40144369251.40717,251823089716194,239853452371878,11969637344316,1113554952,44691744,0,0,581031240,625722984,596.7359390258789,0.03738052334613583,1134.21240234375
uwave-5method,ewc,uwave,2,62,resnet18_cifar,"[0.1,0.05,0.01]",last_epoch_train_mean,0.05,0.0027871817724408423,755445111750108,44691744,6,0,0.32284381652780914,0.13839285714285715,0.9962134510256281,0.9962134510256281,-0.9962134510256281,2,0.9962134510256281,1.0,0.006106605106118857,0.984251968503937,0.9968152866242038,1.0,1.0,1.0,"[0.9968152866242038,0.26291079812206575,0.22965641952983726,0.16716867469879518,0.1421188630490956,0.13839285714285715]","[0.9968152866242038,1.0,0.984251968503937,1.0,1.0]","[0.0,0.0,-0.007874015748031482,-0.04504504504504503,-0.018181818181818188,-0.049180327868852514]",-0.020046867807291202,512,263.85785581707023,263866.56640625,37.22992495598737,226.62793086108286,45.325586172216575,48.48649978300091,40143849773.5345,251815037250036,239845400276578,11969636973458,1113554952,44691744,0,0,581031240,625722984,596.7359390258789,0.03647590840825744,1132.21240234375
uwave-5method,ewc,uwave,2,63,resnet18_cifar,"[0.1,0.05,0.01]",last_epoch_train_mean,0.1,9.606215882545163e-06,755445111750108,44691744,6,0,0.3219410071556526,0.13616071428571427,0.9987261146496815,0.9987261146496815,-0.9987261146496815,2,0.9987261146496815,1.0,0.002547770700636942,0.9936305732484076,1.0,1.0,1.0,1.0,"[0.9936305732484076,0.26291079812206575,0.22965641952983726,0.16716867469879518,0.1421188630490956,0.13616071428571427]","[0.9936305732484076,1.0,1.0,1.0,1.0]","[0.0031847133757961776,-0.2321428571428571,-0.047244094488189003,-0.09009009009009006,-0.027272727272727226,-0.016393442622950838]",-0.06832641637350301,512,264.0167640589061,264025.447265625,37.06205539399525,226.95470866491087,45.39094173298217,48.84548869699938,40143849773.5345,251815037250036,239845400276578,11969636973458,1113554952,44691744,0,0,581031240,625722984,596.7359390258789,0.044228007806980586,1132.21240234375
uwave-5method,ewc,uwave,2,64,resnet18_cifar,"[0.1,0.05,0.01]",last_epoch_train_mean,0.05,0.002604481064047434,755445111750108,44691744,6,0,0.323002578280918,0.13616071428571427,1.0,1.0,-1.0,1,1.0,1.0,0.0,1.0,1.0,1.0,1.0,1.0,"[1.0,0.26291079812206575,0.22965641952983726,0.16716867469879518,0.1421188630490956,0.13616071428571427]","[1.0,1.0,1.0,1.0,1.0]","[-0.0031847133757961776,0.0,-0.03937007874015752,-0.018018018018018056,-0.036363636363636376,-0.032786885245901676]",-0.02162055529058497,512,262.39187535096426,262400.46875,36.55424002301879,225.83763532794546,45.16752706558909,48.38572419399861,40143849773.5345,251815037250036,239845400276578,11969636973458,1113554952,44691744,0,0,581031240,625722984,596.7359390258789,0.03932489510459293,1132.21240234375
uwave-5method,ewc,uwave,2,65,resnet18_cifar,"[0.1,0.05,0.01]",last_epoch_train_mean,0.1,0.0004705548503817628,755445111750108,44691744,6,0,0.32141022159301985,0.13616071428571427,0.9980891719745223,0.9980891719745223,-0.9980891719745223,2,0.9980891719745223,1.0,0.003821656050955413,0.9904458598726115,1.0,1.0,1.0,1.0,"[0.9904458598726115,0.26291079812206575,0.22965641952983726,0.16716867469879518,0.1421188630490956,0.13616071428571427]","[0.9904458598726115,1.0,1.0,1.0,1.0]","[0.0,-0.008928571428571397,-0.03937007874015752,-0.027027027027026973,-0.045454545454545414,-0.024590163934426257]",-0.02422839776412126,512,263.1357776269433,263144.390625,37.228769804991316,225.907007821952,45.1814015643904,48.535834993002936,40143849773.5345,251815037250036,239845400276578,11969636973458,1113554952,44691744,0,0,581031240,625722984,596.7359390258789,0.03846655467246559,1132.21240234375
uwave-5method,ewc,uwave,2,66,resnet18_cifar,"[0.1,0.05,0.01]",last_epoch_train_mean,0.1,9.447156824564478e-06,755445111750108,44691744,6,0,0.3224717927182853,0.13616071428571427,0.9993630573248407,0.9993630573248407,-0.9993630573248407,2,0.9993630573248407,1.0,0.001273885350318471,0.9968152866242038,1.0,1.0,1.0,1.0,"[0.9968152866242038,0.26291079812206575,0.22965641952983726,0.16716867469879518,0.1421188630490956,0.13616071428571427]","[0.9968152866242038,1.0,1.0,1.0,1.0]","[-0.0031847133757961776,-0.008928571428571397,-0.023622047244094446,-0.036036036036036,-0.027272727272727226,-0.032786885245901676]",-0.021971830100521155,512,261.2776985411183,261286.162109375,37.00775264704134,224.26994589407695,44.85398917881539,48.04684508603532,40143849773.5345,251815037250036,239845400276578,11969636973458,1113554952,44691744,0,0,581031240,625722984,596.7359390258789,0.037973661944436445,1132.21240234375
uwave-5method,ewc,uwave,3,62,resnet18_cifar,"[0.1,0.05,0.01]",last_epoch_train_mean,0.1,0.0008984511805801517,755420973185916,44691744,6,0,0.31823512898383094,0.14174107142857142,0.9987654320987656,0.9987654320987656,-0.9987654320987656,2,0.9987654320987656,1.0,0.002469135802469147,0.9938271604938271,1.0,1.0,1.0,1.0,"[0.9938271604938271,0.25517241379310346,0.18691588785046728,0.1731066460587326,0.15864759427828348,0.14174107142857142]","[0.9938271604938271,1.0,1.0,1.0,1.0]","[-0.0030864197530864335,-0.08108108108108103,0.0,0.0,-0.024590163934426257,-0.11811023622047245]",-0.03781131683151103,512,267.7943181460723,267802.20703125,42.33644223300507,225.45787591306726,45.091575182613454,43.4519381080172,40143004534.93189,251806991061972,239837354160418,11969636901554,1113554952,44691744,0,0,581031240,625722984,596.7359390258789,0.03589445421831832,1133.14990234375
uwave-5method,ewc,uwave,3,63,resnet18_cifar,"[0.1,0.05,0.01]",last_epoch_train_mean,0.1,0.00024852555448955083,755420973185916,44691744,6,0,0.31823512898383094,0.14174107142857142,0.9987654320987656,0.9987654320987656,-0.9987654320987656,2,0.9987654320987656,1.0,0.002469135802469147,0.9938271604938271,1.0,1.0,1.0,1.0,"[0.9938271604938271,0.25517241379310346,0.18691588785046728,0.1731066460587326,0.15864759427828348,0.14174107142857142]","[0.9938271604938271,1.0,1.0,1.0,1.0]","[0.0030864197530864335,-0.06306306306306309,-0.010000000000000009,0.0,-0.049180327868852514,-0.047244094488189003]",-0.02773351094450303,512,255.23932120890822,255246.861328125,37.21931642299751,218.02000478591071,43.604000957182144,41.909491161000915,40143004534.93189,251806991061972,239837354160418,11969636901554,1113554952,44691744,0,0,581031240,625722984,596.7359390258789,0.03603121526144345,1133.14990234375
uwave-5method,ewc,uwave,3,64,resnet18_cifar,"[0.1,0.05,0.01]",last_epoch_train_mean,0.1,0.000266979519274047,755420973185916,44691744,6,0,0.31772072569164983,0.14174107142857142,0.9981481481481481,0.9981481481481481,-0.9981481481481481,2,0.9981481481481481,1.0,0.00370370370370372,0.9907407407407407,1.0,1.0,1.0,1.0,"[0.9907407407407407,0.25517241379310346,0.18691588785046728,0.1731066460587326,0.15864759427828348,0.14174107142857142]","[0.9907407407407407,1.0,1.0,1.0,1.0]","[0.0030864197530864335,-0.1351351351351351,-0.020000000000000018,0.0,-0.016393442622950838,-0.055118110236220486]",-0.03726004470687,512,252.988792066928,252996.259765625,36.643140729982406,216.3456513369456,43.269130267389116,41.97242492501391,40143004534.93189,251806991061972,239837354160418,11969636901554,1113554952,44691744,0,0,581031240,625722984,596.7359390258789,0.03651158931461396,1133.14990234375
uwave-5method,ewc,uwave,3,65,resnet18_cifar,"[0.1,0.05,0.01]",last_epoch_train_mean,0.1,0.0016619093905957997,755420973185916,44691744,6,0,0.31823512898383094,0.14174107142857142,0.9987654320987656,0.9987654320987656,-0.9987654320987656,2,0.9987654320987656,1.0,0.002469135802469147,0.9938271604938271,1.0,1.0,1.0,1.0,"[0.9938271604938271,0.25517241379310346,0.18691588785046728,0.1731066460587326,0.15864759427828348,0.14174107142857142]","[0.9938271604938271,1.0,1.0,1.0,1.0]","[0.0030864197530864335,-0.11711711711711714,-0.010000000000000009,0.0,-0.049180327868852514,-0.015748031496062964]",-0.03149317612149103,512,253.53787432494573,253545.390625,37.157648939988576,216.38022538495716,43.27604507699143,41.82097788801184,40143004534.93189,251806991061972,239837354160418,11969636901554,1113554952,44691744,0,0,581031240,625722984,596.7359390258789,0.036726150873229405,1133.14990234375
uwave-5method,ewc,uwave,3,66,resnet18_cifar,"[0.1,0.05,0.01]",last_epoch_train_mean,0.05,0.002846804286695277,755420973185916,44691744,6,0,0.31823512898383094,0.14174107142857142,0.9987654320987656,0.9987654320987656,-0.9987654320987656,2,0.9987654320987656,1.0,0.002469135802469147,0.9938271604938271,1.0,1.0,1.0,1.0,"[0.9938271604938271,0.25517241379310346,0.18691588785046728,0.1731066460587326,0.15864759427828348,0.14174107142857142]","[0.9938271604938271,1.0,1.0,1.0,1.0]","[0.0030864197530864335,-0.027027027027026973,0.0,0.0,-0.024590163934426257,-0.007874015748031482]",-0.00940079782606638,512,255.48817649896955,255495.759765625,37.19373330299277,218.29444319597678,43.658888639195354,42.2056249770103,40143004534.93189,251806991061972,239837354160418,11969636901554,1113554952,44691744,0,0,581031240,625722984,596.7359390258789,0.038453891777732806,1133.14990234375
uwave-5method,icarl,uwave,1,62,resnet18_cifar,"[0.1,0.05,0.01]",last_epoch_train_mean,0.05,0.09784796053715226,3393712582975533,44691744,6,0,0.9741898850292953,0.9430803571428571,0.027134966633569624,0.02377444919824905,-0.02377444919824905,5,0.027134966633569624,0.023622047244094446,0.02500284370851297,0.0,0.010000000000000009,0.029325513196480912,0.07272727272727275,0.8,"[0.9970674486803519,0.9850427350427351,0.9806338028169014,0.9823529411764705,0.9569620253164557,0.9430803571428571]","[0.029325513196480912,0.023622047244094446,0.010000000000000009,0.0,0.07272727272727275]","[-0.0029325513196480912,0.007874015748031482,0.020000000000000018,0.0267857142857143,0.12727272727272732,0.05660377358490565]",0.03926727992862178,512,431.72500263591064,431737.4140625,37.98912418098189,393.73587845492875,78.74717569098576,84.6473983869655,39782749752.86264,1131237527658511,849105416877114,282132110781397,1113560584,44691744,24576000,16000,89501520,158785264,151.42942810058594,0.04322526345796567,926.439453125
uwave-5method,icarl,uwave,1,63,resnet18_cifar,"[0.1,0.05,0.01]",last_epoch_train_mean,0.05,0.09998542592597377,3393712582975533,44691744,6,0,0.9777549533657913,0.9587053571428571,0.009316738633477262,0.007741935483870965,-0.007741935483870965,1,0.009316738633477262,0.007874015748031482,0.008717379737632423,0.0,0.0,0.018181818181818188,0.02052785923753664,0.6,"[0.9912023460410557,0.9829059829059829,0.9823943661971831,0.986764705882353,0.9645569620253165,0.9587053571428571]","[0.02052785923753664,0.007874015748031482,0.0,0.0,0.018181818181818188]","[0.0,0.007874015748031482,0.020000000000000018,0.0,0.10000000000000009,0.047169811320754707]",0.029173971178131048,512,433.71142608410446,433723.99609375,37.24096671002917,396.4704593740753,79.29409187481505,85.52967951801838,39782749752.86264,1131237527658511,849105416877114,282132110781397,1113560584,44691744,24576000,16000,89501520,158785264,151.42942810058594,0.04162979244678614,926.439453125
uwave-5method,icarl,uwave,1,64,resnet18_cifar,"[0.1,0.05,0.01]",last_epoch_train_mean,0.05,0.10135680746769847,3393712582975533,44691744,6,0,0.9750970909695832,0.9654017857142857,0.006912046551365814,0.0006128339529406057,-0.0006128339529406057,1,0.006912046551365814,0.007874015748031482,0.0065628907530674565,0.0,0.0,0.009090909090909038,0.017595307917888547,0.6,"[0.9882697947214076,0.9743589743589743,0.977112676056338,0.9808823529411764,0.9645569620253165,0.9654017857142857]","[0.017595307917888547,0.007874015748031482,0.0,0.0,0.009090909090909038]","[0.0029325513196480912,0.03937007874015752,0.020000000000000018,0.008928571428571397,0.10000000000000009,0.028301886792452824]",0.03325551471347166,512,414.65257305203704,414664.70703125,36.34049244201742,378.3120806100196,75.66241612200392,80.66147495404584,39782749752.86264,1131237527658511,849105416877114,282132110781397,1113560584,44691744,24576000,16000,89501520,158785264,151.42942810058594,0.038539838182519555,926.439453125
uwave-5method,icarl,uwave,1,65,resnet18_cifar,"[0.1,0.05,0.01]",last_epoch_train_mean,0.05,0.10491365272651966,3393712582975533,44691744,6,0,0.9787679642010713,0.9654017857142857,0.0090408924324342,0.0017681651597069247,-0.0017681651597069247,1,0.0090408924324342,0.008928571428571397,0.008251353934451982,0.0,0.0,0.015748031496062964,0.02052785923753664,0.6,"[0.9912023460410557,0.9893162393162394,0.9806338028169014,0.9852941176470589,0.9607594936708861,0.9654017857142857]","[0.02052785923753664,0.015748031496062964,0.0,0.008928571428571397,0.0]","[0.0029325513196480912,0.0,0.020000000000000018,0.0,0.1454545454545455,0.009433962264150941]",0.029636843173057426,512,408.7203673389158,408732.1953125,35.41926781699294,373.3010995219229,74.66021990438458,80.33992830401985,39782749752.86264,1131237527658511,849105416877114,282132110781397,1113560584,44691744,24576000,16000,89501520,158785264,151.42942810058594,0.03791294186937323,926.439453125
uwave-5method,icarl,uwave,1,66,resnet18_cifar,"[0.1,0.05,0.01]",last_epoch_train_mean,0.05,0.10640198463526993,3393712582975533,44691744,6,0,0.9747762993987951,0.9553571428571429,0.0056803749971136245,-0.005228715911977289,0.005228715911977289,1,0.0056803749971136245,0.0,0.008025706552537266,0.0,0.0,0.007874015748031482,0.02052785923753664,0.4,"[0.9912023460410557,0.9850427350427351,0.9823943661971831,0.9852941176470589,0.9493670886075949,0.9553571428571429]","[0.02052785923753664,0.007874015748031482,0.0,0.0,0.0]","[0.0029325513196480912,0.0,0.0,0.0,0.21818181818181825,0.047169811320754707]",0.04471403013703684,512,401.78639011696214,401798.04296875,35.31936858303379,366.46702153392835,73.29340430678567,78.81246302399086,39782749752.86264,1131237527658511,849105416877114,282132110781397,1113560584,44691744,24576000,16000,89501520,158785264,151.42942810058594,0.03888133707213066,926.439453125
uwave-5method,icarl,uwave,2,62,resnet18_cifar,"[0.1,0.05,0.01]",last_epoch_train_mean,0.05,0.08799612382102022,3411048167676231,44691744,6,0,0.9740414351291887,0.9497767857142857,0.01700392922996863,0.005071727573357565,-0.005071727573357565,4,0.01700392922996863,0.015748031496062964,0.015432664585135812,0.0,0.006369426751592355,0.017857142857142794,0.04504504504504503,0.8,"[1.0,0.9906103286384976,0.9746835443037974,0.9743975903614458,0.9547803617571059,0.9497767857142857]","[0.006369426751592355,0.017857142857142794,0.015748031496062964,0.04504504504504503,0.0]","[-0.0031847133757961776,0.0357142857142857,0.047244094488189003,-0.009009009009009028,0.16363636363636358,0.0]",0.03906683690900551,512,410.35020859801443,410362.1875,37.308476105041336,373.0417324929731,74.60834649859461,79.38513438700465,39762452048.21701,1137016055892077,853790579291434,283225476600643,1113560584,44691744,24576000,16000,89501520,158785264,151.42942810058594,0.039978913913988175,937.46826171875
uwave-5method,icarl,uwave,2,63,resnet18_cifar,"[0.1,0.05,0.01]",last_epoch_train_mean,0.05,0.10303218033551485,3411048167676231,44691744,6,0,0.9277348065504908,0.9118303571428571,0.04417158492287636,0.0014409887473983084,-0.0014409887473983084,5,0.04417158492287636,0.03603603603603611,0.038920596323973634,0.0,0.01273885350318471,0.06299212598425197,0.10909090909090902,0.8,"[1.0,0.9577464788732394,0.8444846292947559,0.9246987951807228,0.9276485788113695,0.9118303571428571]","[0.01273885350318471,0.0,0.06299212598425197,0.03603603603603611,0.10909090909090902]","[0.0,0.1607142857142857,0.35433070866141736,0.009009009009009028,0.036363636363636376,0.0]",0.09340293995805808,512,409.68004344200017,409691.70703125,36.840549060027115,372.83949438197305,74.56789887639461,79.28251006297069,39762452048.21701,1137016055892077,853790579291434,283225476600643,1113560584,44691744,24576000,16000,89501520,158785264,151.42942810058594,0.040230947498847466,937.46826171875
uwave-5method,icarl,uwave,2,64,resnet18_cifar,"[0.1,0.05,0.01]",last_epoch_train_mean,0.01,0.09763152481568461,3411048167676231,44691744,6,0,0.9588038060795839,0.9196428571428571,0.019945226059875743,0.010285496026129982,-0.010285496026129982,4,0.019945226059875743,0.00909090909090915,0.030851281069194044,0.0,0.0,0.009554140127388533,0.08108108108108103,0.6,"[0.9968152866242038,0.9835680751173709,0.969258589511754,0.9623493975903614,0.9211886304909561,0.9196428571428571]","[0.009554140127388533,0.0,0.0,0.08108108108108103,0.00909090909090915]","[0.0,0.044642857142857095,0.023622047244094446,0.04504504504504503,0.2727272727272727,0.040983606557376984]",0.07117013811944105,512,412.0250308450195,412036.86328125,37.217289667984005,374.8077411770355,74.9615482354071,79.70965375500964,39762452048.21701,1137016055892077,853790579291434,283225476600643,1113560584,44691744,24576000,16000,89501520,158785264,151.42942810058594,0.03813008126079304,937.46826171875
uwave-5method,icarl,uwave,2,65,resnet18_cifar,"[0.1,0.05,0.01]",last_epoch_train_mean,0.05,0.0917992462535153,3411048167676231,44691744,6,0,0.9658822752549211,0.9430803571428571,0.019338149250381555,0.005164920903924864,-0.005164920903924864,4,0.019338149250381555,0.009090909090909038,0.018984341591697748,0.0,0.0031847133757961776,0.03937007874015741,0.04504504504504514,0.8,"[1.0,0.9882629107981221,0.945750452079566,0.9698795180722891,0.9483204134366925,0.9430803571428571]","[0.0031847133757961776,0.0,0.03937007874015741,0.04504504504504514,0.009090909090909038]","[0.0,0.0357142857142857,0.1417322834645669,0.009009009009008917,0.10000000000000009,0.008196721311475419]",0.049108716583222835,512,411.3368172798655,411352.609375,37.62367942096898,373.7131378588965,74.74262757177931,79.66257326799678,39762452048.21701,1137016055892077,853790579291434,283225476600643,1113560584,44691744,24576000,16000,89501520,158785264,151.42942810058594,0.038337001244924195,937.46826171875
uwave-5method,icarl,uwave,2,66,resnet18_cifar,"[0.1,0.05,0.01]",last_epoch_train_mean,0.05,0.10113589041268282,3411048167676231,44691744,6,0,0.9489326219298783,0.9095982142857143,0.08493568448292858,0.04744974522533578,-0.04744974522533578,2,0.08493568448292858,0.07272727272727275,0.055396769873037766,0.0,0.07207207207207211,0.11023622047244097,0.1696428571428571,0.8,"[1.0,0.9647887323943662,0.9240506329113924,0.9713855421686747,0.9237726098191215,0.9095982142857143]","[0.0,0.1696428571428571,0.11023622047244097,0.07207207207207211,0.07272727272727275]","[-0.009554140127388533,0.1071428571428572,0.1889763779527559,0.009009009009008917,0.07272727272727275,0.016393442622950838]",0.06411580322124284,512,415.4302079939516,415442.10546875,36.92950094299158,378.50070705096005,75.700141410192,80.18864700198174,39762452048.21701,1137016055892077,853790579291434,283225476600643,1113560584,44691744,24576000,16000,89501520,158785264,151.42942810058594,0.053597089260750054,937.46826171875
uwave-5method,icarl,uwave,3,62,resnet18_cifar,"[0.1,0.05,0.01]",last_epoch_train_mean,0.01,0.08587899942531342,3406781037455577,44691744,6,0,0.9619741795898546,0.9475446428571429,0.017315696649029988,0.012235206322638036,-0.012235206322638036,4,0.017315696649029988,0.020000000000000018,0.015026257957986051,0.0,0.0,0.030864197530864224,0.0357142857142857,0.6,"[0.9969135802469136,0.9563218390804598,0.9570093457943926,0.9582689335394127,0.9557867360208062,0.9475446428571429]","[0.030864197530864224,0.0,0.020000000000000018,0.0357142857142857,0.0]","[0.0030864197530864335,0.09909909909909909,0.0,0.0267857142857143,0.024590163934426146,0.03149606299212604]",0.030842910010742002,512,414.94788492895896,414959.94921875,37.75411542400252,377.19376950495644,75.43875390099129,80.40420549898408,39766847460.25395,1135593679151859,852586854268354,283006824883505,1113560584,44691744,24576000,16000,89501520,158785264,151.42942810058594,0.0401336238350528,931.7861328125
uwave-5method,icarl,uwave,3,63,resnet18_cifar,"[0.1,0.05,0.01]",last_epoch_train_mean,0.01,0.08771414255537323,3406781037455577,44691744,6,0,0.9577216460117319,0.9419642857142857,0.013319252898487876,0.007929935009169964,-0.007929935009169964,3,0.013319252898487876,0.016393442622950727,0.007113730574865394,0.0,0.012345679012345734,0.017857142857142905,0.020000000000000018,0.8,"[1.0,0.9471264367816092,0.9514018691588785,0.9474497681607419,0.9583875162548765,0.9419642857142857]","[0.012345679012345734,0.0,0.020000000000000018,0.017857142857142905,0.016393442622950727]","[0.0,0.1351351351351352,0.010000000000000009,0.017857142857142905,0.016393442622950838,0.11023622047244097]",0.048270323514611656,512,423.0778903530445,423090.12890625,38.36808286898304,384.70980748406146,76.9419614968123,81.95151266502216,39766847460.25395,1135593679151859,852586854268354,283006824883505,1113560584,44691744,24576000,16000,89501520,158785264,151.42942810058594,0.03921431016351562,931.7861328125
uwave-5method,icarl,uwave,3,64,resnet18_cifar,"[0.1,0.05,0.01]",last_epoch_train_mean,0.01,0.08794474395958916,3406781037455577,44691744,6,0,0.9514147847985406,0.9263392857142857,0.02093716589345007,0.011928156884441066,-0.011928156884441066,3,0.02093716589345007,0.021604938271604923,0.007635086910686396,0.008196721311475419,0.017857142857142905,0.027027027027027084,0.030000000000000027,1.0,"[0.9969135802469136,0.9356321839080459,0.9495327102803738,0.9520865533230294,0.9479843953185956,0.9263392857142857]","[0.021604938271604923,0.027027027027027084,0.030000000000000027,0.017857142857142905,0.008196721311475419]","[0.0030864197530864335,0.18918918918918914,0.0,0.0,0.06557377049180324,0.10236220472440949]",0.060035264026414716,512,511.70209861698095,511716.82421875,38.378321222029626,473.3237773949513,94.66475547899026,100.49063356098486,39766847460.25395,1135593679151859,852586854268354,283006824883505,1113560584,44691744,24576000,16000,89501520,158785264,151.42942810058594,0.051792872779645095,931.7861328125
uwave-5method,icarl,uwave,3,65,resnet18_cifar,"[0.1,0.05,0.01]",last_epoch_train_mean,0.05,0.08541001641010483,3406781037455577,44691744,6,0,0.9628007749377225,0.9475446428571429,0.01680311263644598,0.009774450484833008,-0.009774450484833008,4,0.01680311263644598,0.012345679012345734,0.017112204432554096,0.0,0.0,0.027027027027027084,0.044642857142857095,0.6,"[1.0,0.9563218390804598,0.9607476635514018,0.9629057187017002,0.9492847854356307,0.9475446428571429]","[0.012345679012345734,0.027027027027027084,0.0,0.044642857142857095,0.0]","[0.0,0.1351351351351352,0.0,0.0267857142857143,0.024590163934426257,0.06299212598425197]",0.04158385655658795,512,473.95542505197227,473968.9921875,43.271995470975526,430.68342958099674,86.13668591619935,91.76178450003499,39766847460.25395,1135593679151859,852586854268354,283006824883505,1113560584,44691744,24576000,16000,89501520,158785264,151.42942810058594,0.04448393415909128,931.7861328125
uwave-5method,icarl,uwave,3,66,resnet18_cifar,"[0.1,0.05,0.01]",last_epoch_train_mean,0.05,0.08734003152197592,3406781037455577,44691744,6,0,0.9660112730315963,0.9609375,0.006072739406072758,-0.008000672413240695,0.008000672413240695,2,0.006072739406072758,0.0,0.007650803148730892,0.0,0.0,0.012345679012345734,0.018018018018018056,0.4,"[1.0,0.9494252873563218,0.9644859813084112,0.9706336939721792,0.9505851755526658,0.9609375]","[0.012345679012345734,0.018018018018018056,0.0,0.0,0.0]","[-0.0030864197530864335,0.1711711711711712,0.0,0.008928571428571397,0.024590163934426257,0.055118110236220486]",0.04278693283621715,512,501.94418885797495,501958.75390625,45.926796063024085,456.01739279495087,91.20347855899017,96.13299879000988,39766847460.25395,1135593679151859,852586854268354,283006824883505,1113560584,44691744,24576000,16000,89501520,158785264,151.42942810058594,0.05042450896196117,931.7861328125
uwave-5method,er_ace,uwave,1,62,resnet18_cifar,"[0.1,0.05,0.01]",last_epoch_train_mean,0.05,0.0009446983699510407,2243604876928554,44691744,6,0,0.9679741192065786,0.9352678571428571,0.044426242540796766,0.013795861111202701,-0.013795861111202701,4,0.044426242540796766,0.04985337243401755,0.03148602967381705,0.0,0.020000000000000018,0.06299212598425197,0.0892857142857143,0.8,"[0.9941348973607038,0.9743589743589743,0.9735915492957746,0.9735294117647059,0.9569620253164557,0.9352678571428571]","[0.04985337243401755,0.06299212598425197,0.020000000000000018,0.0892857142857143,0.0]","[0.0,0.03937007874015752,0.040000000000000036,0.0535714285714286,0.09090909090909094,0.06603773584905659]",0.04831472234495562,512,153.6555095120566,153661.306640625,36.68026391998865,116.97524559206795,23.39504911841359,24.102030337031465,20064640742.8329,747868292309518,578234687790318,169633604519200,1113554952,44691744,24576000,16000,44738376,114022120,108.7399673461914,0.03880685829114684,1384.49853515625
uwave-5method,er_ace,uwave,1,63,resnet18_cifar,"[0.1,0.05,0.01]",last_epoch_train_mean,0.05,0.0008616001421630809,2243604876928554,44691744,6,0,0.9789435827659417,0.9642857142857143,0.02022305862793543,-0.01882392981669081,0.01882392981669081,2,0.02022305862793543,0.0,0.025986624669748062,0.0,0.0,0.038123167155425186,0.06299212598425197,0.4,"[0.9941348973607038,0.967948717948718,0.9894366197183099,0.9882352941176471,0.9696202531645569,0.9642857142857143]","[0.038123167155425186,0.06299212598425197,0.0,0.0,0.0]","[-0.0029325513196480912,0.09448818897637801,0.010000000000000009,0.008928571428571397,0.07272727272727275,0.037735849056603765]",0.03682455514486297,512,151.79578856209991,151801.435546875,36.21145396202337,115.58433460007655,23.11686692001531,24.1123115310329,20064640742.8329,747868292309518,578234687790318,169633604519200,1113554952,44691744,24576000,16000,44738376,114022120,108.7399673461914,0.03926029018787501,1384.49853515625
uwave-5method,er_ace,uwave,1,64,resnet18_cifar,"[0.1,0.05,0.01]",last_epoch_train_mean,0.05,0.001843347329551986,2243604876928554,44691744,6,0,0.9710769587269846,0.9631696428571429,0.017683376821299102,-0.03287296840827447,0.03287296840827447,1,0.017683376821299102,0.010000000000000009,0.01860137822329485,0.0,0.0,0.03149606299212604,0.04692082111436946,0.6,"[0.9941348973607038,0.9636752136752137,0.977112676056338,0.9764705882352941,0.9518987341772152,0.9631696428571429]","[0.04692082111436946,0.03149606299212604,0.010000000000000009,0.0,0.0]","[-0.0029325513196480912,0.07874015748031493,0.010000000000000009,0.044642857142857095,0.15454545454545465,0.047169811320754707]",0.055360954861622215,512,152.58142488403246,152587.0703125,35.884981304989196,116.69644357904326,23.339288715808653,24.26895203802269,20064640742.8329,747868292309518,578234687790318,169633604519200,1113554952,44691744,24576000,16000,44738376,114022120,108.7399673461914,0.038123178520826126,1384.49853515625
uwave-5method,er_ace,uwave,1,65,resnet18_cifar,"[0.1,0.05,0.01]",last_epoch_train_mean,0.05,0.0008296089365848623,2243604876928554,44691744,6,0,0.9710878508342504,0.9542410714285714,0.029085367261643614,-0.016723759603363385,0.016723759603363385,2,0.029085367261643614,0.0,0.04280329614229822,0.0,0.0,0.035190615835777095,0.11023622047244097,0.4,"[0.9824046920821115,0.9722222222222222,0.9806338028169014,0.975,0.9620253164556962,0.9542410714285714]","[0.035190615835777095,0.11023622047244097,0.0,0.0,0.0]","[0.011730205278592365,0.055118110236220486,0.020000000000000018,0.017857142857142905,0.13636363636363635,0.07547169811320753]",0.052756798808133276,512,151.12693596899044,151132.56640625,35.81821193097858,115.30872403801186,23.061744807602373,24.032188266981393,20064640742.8329,747868292309518,578234687790318,169633604519200,1113554952,44691744,24576000,16000,44738376,114022120,108.7399673461914,0.039461430787923746,1384.49853515625
uwave-5method,er_ace,uwave,1,66,resnet18_cifar,"[0.1,0.05,0.01]",last_epoch_train_mean,0.05,0.0009029483702649169,2243604876928554,44691744,6,0,0.975772696160983,0.9665178571428571,0.018061745214399516,-0.032643950664524725,0.032643950664524725,2,0.018061745214399516,0.0,0.02300109700846453,0.0,0.0,0.035190615835777095,0.055118110236220486,0.4,"[0.9941348973607038,0.9743589743589743,0.9823943661971831,0.9764705882352941,0.9607594936708861,0.9665178571428571]","[0.035190615835777095,0.055118110236220486,0.0,0.0,0.0]","[0.0,0.055118110236220486,0.010000000000000009,0.0535714285714286,0.11818181818181828,0.047169811320754707]",0.047340194718370344,512,152.91104315192206,152916.845703125,36.36497153597884,116.54607161594322,23.309214323188645,24.23257901397301,20064640742.8329,747868292309518,578234687790318,169633604519200,1113554952,44691744,24576000,16000,44738376,114022120,108.7399673461914,0.039425495547870275,1384.49853515625
uwave-5method,er_ace,uwave,2,62,resnet18_cifar,"[0.1,0.05,0.01]",last_epoch_train_mean,0.05,0.0019414730501111845,2203479967735134,44691744,6,0,0.9765431814796125,0.9542410714285714,0.01723092788216416,-0.005248721086150243,0.005248721086150243,4,0.01723092788216416,0.007874015748031482,0.019280890298123913,0.0,0.006369426751592355,0.017857142857142905,0.05405405405405406,0.8,"[0.9904458598726115,0.9953051643192489,0.9819168173598554,0.9864457831325302,0.9509043927648578,0.9542410714285714]","[0.006369426751592355,0.017857142857142905,0.007874015748031482,0.05405405405405406,0.0]","[0.006369426751592355,0.008928571428571397,0.047244094488189003,0.018018018018018056,0.10909090909090913,0.05737704918032782]",0.04117134482626796,512,150.04282455996145,150048.34375,37.710011019022204,112.33281354093924,22.466562708187848,21.395905015990138,20064663284.321568,734493322578378,569323764167578,165169558410800,1113554952,44691744,24576000,16000,44738376,114022120,108.7399673461914,0.038009473233354844,1381.53515625
uwave-5method,er_ace,uwave,2,63,resnet18_cifar,"[0.1,0.05,0.01]",last_epoch_train_mean,0.05,0.0007598431762552968,2203479967735134,44691744,6,0,0.9803471079632416,0.9676339285714286,0.0059982947991373825,-0.03875933070651962,0.03875933070651962,3,0.0059982947991373825,0.0,0.009150661294784578,0.0,0.0,0.006369426751592355,0.023622047244094557,0.4,"[1.0,0.9953051643192489,0.9746835443037974,0.9819277108433735,0.962532299741602,0.9676339285714286]","[0.006369426751592355,0.0,0.023622047244094557,0.0,0.0]","[0.0,0.017857142857142905,0.07874015748031493,0.06306306306306309,0.09999999999999998,0.08196721311475408]",0.056937929419212496,512,149.59134559798986,149597.166015625,37.61040474905167,111.98094084893819,22.39618816978764,21.477001084946096,20064663284.321568,734493322578378,569323764167578,165169558410800,1113554952,44691744,24576000,16000,44738376,114022120,108.7399673461914,0.038182740029567085,1381.53515625
uwave-5method,er_ace,uwave,2,64,resnet18_cifar,"[0.1,0.05,0.01]",last_epoch_train_mean,0.05,0.0029674705045481023,2203479967735134,44691744,6,0,0.9749976907100689,0.9609375,0.002211745824765532,-0.03947672938733173,0.03947672938733173,3,0.002211745824765532,0.0,0.0030881523705731896,0.0,0.0,0.0031847133757961776,0.007874015748031482,0.4,"[0.9936305732484076,0.9812206572769953,0.9746835443037974,0.9743975903614458,0.9651162790697675,0.9609375]","[0.0031847133757961776,0.0,0.007874015748031482,0.0,0.0]","[0.0031847133757961776,0.044642857142857095,0.03149606299212593,0.09009009009009006,0.07272727272727275,0.10655737704918034]",0.05811639556288706,512,149.42436397605343,149429.984375,37.415720141958445,112.00864383409498,22.401728766818998,21.345377504010685,20064663284.321568,734493322578378,569323764167578,165169558410800,1113554952,44691744,24576000,16000,44738376,114022120,108.7399673461914,0.038379467566431104,1381.53515625
uwave-5method,er_ace,uwave,2,65,resnet18_cifar,"[0.1,0.05,0.01]",last_epoch_train_mean,0.05,0.0011678101551917208,2203479967735134,44691744,6,0,0.979994784633385,0.96875,0.00717503217503217,-0.02554111082735888,0.02554111082735888,4,0.00717503217503217,0.0,0.008787731115075094,0.0,0.0,0.017857142857142905,0.018018018018017945,0.4,"[0.9968152866242038,0.9953051643192489,0.9783001808318263,0.983433734939759,0.9573643410852714,0.96875]","[0.0,0.017857142857142905,0.0,0.018018018018017945,0.0]","[0.0031847133757961776,0.008928571428571397,0.055118110236220375,0.04504504504504503,0.10000000000000009,0.0491803278688524]",0.04357612799241425,512,150.32641736790538,150332.033203125,37.55877436802257,112.76764299988281,22.553528599976563,21.60611296200659,20064663284.321568,734493322578378,569323764167578,165169558410800,1113554952,44691744,24576000,16000,44738376,114022120,108.7399673461914,0.038679530202248964,1381.53515625
uwave-5method,er_ace,uwave,2,66,resnet18_cifar,"[0.1,0.05,0.01]",last_epoch_train_mean,0.05,0.0011753582611927246,2203479967735134,44691744,6,0,0.9647832301682321,0.9464285714285714,0.007726177453846827,-0.064318837189593,0.064318837189593,4,0.007726177453846827,0.007874015748031482,0.007077547536142915,0.0,0.0,0.01273885350318471,0.018018018018017945,0.6,"[0.9968152866242038,0.9694835680751174,0.9674502712477396,0.9563253012048193,0.9521963824289406,0.9464285714285714]","[0.01273885350318471,0.0,0.007874015748031482,0.018018018018017945,0.0]","[-0.006369426751592355,0.0982142857142857,0.09448818897637801,0.14414414414414412,0.15454545454545454,0.1393442622950819]",0.10406115148729199,512,145.50677420501597,145512.27734375,36.70485548203578,108.80191872298019,21.760383744596037,20.93373444903409,20064663284.321568,734493322578378,569323764167578,165169558410800,1113554952,44691744,24576000,16000,44738376,114022120,108.7399673461914,0.03807885929875608,1381.53515625
uwave-5method,er_ace,uwave,3,62,resnet18_cifar,"[0.1,0.05,0.01]",last_epoch_train_mean,0.05,0.003052203663287138,2203479814875894,44691744,6,0,0.9696869764316993,0.9453125,0.028579341246007917,-0.019121346561237273,0.019121346561237273,4,0.028579341246007917,0.020000000000000018,0.024310049985733155,0.0,0.015432098765432056,0.03603603603603611,0.0714285714285714,0.8,"[1.0,0.9701149425287356,0.9588785046728971,0.973724884080371,0.9700910273081924,0.9453125]","[0.015432098765432056,0.03603603603603611,0.020000000000000018,0.0714285714285714,0.0]","[0.0,0.06306306306306309,0.050000000000000044,0.044642857142857095,0.08196721311475408,0.1496062992125985]",0.06487990542221213,512,142.93813403497916,142943.759765625,35.97128730500117,106.96684672997799,21.3933693459956,20.343889339012094,20064669761.14857,734493271625298,569323729614498,165169542010800,1113554952,44691744,24576000,16000,44738376,114022120,108.7399673461914,0.03891628349655158,1384.26416015625
uwave-5method,er_ace,uwave,3,63,resnet18_cifar,"[0.1,0.05,0.01]",last_epoch_train_mean,0.05,0.0008727248306934642,2203479814875894,44691744,6,0,0.9710241242762415,0.9497767857142857,0.029691334191334184,-0.005805659289265863,0.005805659289265863,4,0.029691334191334184,0.036036036036036,0.015844929125951864,0.0,0.02777777777777779,0.040000000000000036,0.044642857142857095,0.8,"[0.9969135802469136,0.967816091954023,0.9644859813084112,0.9783616692426584,0.9687906371911573,0.9497767857142857]","[0.02777777777777779,0.036036036036036,0.040000000000000036,0.044642857142857095,0.0]","[0.0,0.05405405405405406,0.040000000000000036,0.017857142857142905,0.0,0.055118110236220486]",0.027838217857902914,512,142.62208151904633,142627.486328125,35.36441327800276,107.25766824104358,21.451533648208716,20.37340982799651,20064669761.14857,734493271625298,569323729614498,165169542010800,1113554952,44691744,24576000,16000,44738376,114022120,108.7399673461914,0.036865713160036,1384.26416015625
uwave-5method,er_ace,uwave,3,64,resnet18_cifar,"[0.1,0.05,0.01]",last_epoch_train_mean,0.01,0.00326344217915802,2203479814875894,44691744,6,0,0.9713830640579166,0.9497767857142857,0.02505638972305637,-0.006927976376063816,0.006927976376063816,2,0.02505638972305637,0.010000000000000009,0.028363228567541292,0.0,0.0,0.043209876543209846,0.072072072072072,0.6,"[0.9969135802469136,0.9724137931034482,0.9682242990654205,0.9721792890262752,0.9687906371911573,0.9497767857142857]","[0.043209876543209846,0.072072072072072,0.010000000000000009,0.0,0.0]","[0.0030864197530864335,0.04504504504504503,0.040000000000000036,0.017857142857142905,0.032786885245901565,0.09448818897637801]",0.038877280312925665,512,178.67889065109193,178686.193359375,45.25126117403852,133.42762947705342,26.685525895410684,25.442347100004554,20064669761.14857,734493271625298,569323729614498,165169542010800,1113554952,44691744,24576000,16000,44738376,114022120,108.7399673461914,0.04219888731833115,1384.26416015625
uwave-5method,er_ace,uwave,3,65,resnet18_cifar,"[0.1,0.05,0.01]",last_epoch_train_mean,0.1,0.002197843795377701,2203479814875894,44691744,6,0,0.9485864673027663,0.9341517857142857,0.02196996996996998,-0.034427491894704974,0.034427491894704974,2,0.02196996996996998,0.010000000000000009,0.027028098744183427,0.0,0.0,0.02777777777777779,0.07207207207207211,0.6,"[1.0,0.967816091954023,0.9233644859813084,0.9598145285935085,0.9063719115734721,0.9341517857142857]","[0.02777777777777779,0.07207207207207211,0.010000000000000009,0.0,0.0]","[-0.0030864197530864335,-0.018018018018018056,0.07999999999999996,0.0625,0.12295081967213106,0.18110236220472442]",0.07090812401762515,512,171.84333264589077,171849.951171875,42.673183663981035,129.17014898190973,25.834029796381948,24.88221061701188,20064669761.14857,734493271625298,569323729614498,165169542010800,1113554952,44691744,24576000,16000,44738376,114022120,108.7399673461914,0.0441610502873248,1384.26416015625
uwave-5method,er_ace,uwave,3,66,resnet18_cifar,"[0.1,0.05,0.01]",last_epoch_train_mean,0.05,0.0013464917616991812,2203479814875894,44691744,6,0,0.9638174889539209,0.9263392857142857,0.054934648934648944,0.016855740986888534,-0.016855740986888534,2,0.054934648934648944,0.0357142857142857,0.04912214662805884,0.0,0.030000000000000027,0.06481481481481477,0.14414414414414423,0.8,"[0.9969135802469136,0.9632183908045977,0.9570093457943926,0.9706336939721792,0.9687906371911573,0.9263392857142857]","[0.06481481481481477,0.14414414414414423,0.030000000000000027,0.0357142857142857,0.0]","[0.0,0.0990990990990992,0.06000000000000005,0.0357142857142857,0.040983606557376984,0.07086614173228345]",0.0511105221838409,512,171.2291232739226,171235.62109375,43.3595213489607,127.8696019249619,25.57392038499238,24.684189097955823,20064669761.14857,734493271625298,569323729614498,165169542010800,1113554952,44691744,24576000,16000,44738376,114022120,108.7399673461914,0.03996581576107668,1384.26416015625
uwave-5method,fecam,uwave,1,62,resnet18_cifar,"[0.1,0.05,0.01]",last_epoch_train_mean,0.1,1.991736424651965,280486347271782,44691744,6,545127789848,0.9242656492421505,0.859375,0.03817585741664988,0.03817585741664988,-0.03817585741664988,2,0.03817585741664988,0.017857142857142794,0.04017530374275946,0.0,0.010000000000000009,0.05278592375366564,0.11023622047244097,0.8,"[0.9941348973607038,0.9572649572649573,0.9313380281690141,0.925,0.8784810126582279,0.859375]","[0.05278592375366564,0.11023622047244097,0.010000000000000009,0.017857142857142794,0.0]","[-0.008797653958944274,0.07874015748031493,0.10999999999999999,0.0803571428571429,0.32727272727272727,0.08490566037735847]",0.11207967233809989,512,41.560708227043506,41563.403579711914,37.61344751599245,3.947260711051058,0.7894521422102116,0.894056425022427,10029229937.463581,93495449090594,89504799168018,3990649922576,10423540400,44691744,0,0,53118888,97810632,93.27948760986328,1.4967746674301452,475.07763671875
uwave-5method,fecam,uwave,1,63,resnet18_cifar,"[0.1,0.05,0.01]",last_epoch_train_mean,0.1,1.9382785343388629,280486347271782,44691744,6,545127789848,0.8289858716286346,0.6629464285714286,0.07376220604389264,0.07376220604389264,-0.07376220604389264,1,0.07376220604389264,0.055118110236220486,0.048046525773385675,0.017857142857142794,0.054545454545454536,0.08000000000000007,0.16129032258064524,1.0,"[0.9706744868035191,0.9081196581196581,0.8732394366197183,0.8323529411764706,0.7265822784810126,0.6629464285714286]","[0.16129032258064524,0.055118110236220486,0.08000000000000007,0.017857142857142794,0.054545454545454536]","[-0.0058651026392961825,0.17322834645669294,0.16999999999999993,0.1785714285714286,0.7090909090909092,0.6226415094339622]",0.3079445151522828,512,36.823924924014136,36826.165100097656,35.877878313011024,0.946046611003112,0.18920932220062242,0.19310332200257108,10029229937.463581,93495449090594,89504799168018,3990649922576,10423540400,44691744,0,0,53118888,97810632,93.27948760986328,1.7606900123610103,478.95263671875
uwave-5method,fecam,uwave,1,64,resnet18_cifar,"[0.1,0.05,0.01]",last_epoch_train_mean,0.1,1.954323789621765,280486347271782,44691744,6,545127789848,0.9033092644006566,0.8013392857142857,0.08075824759441726,0.08075824759441726,-0.08075824759441726,2,0.08075824759441726,0.08999999999999997,0.04535153458174577,0.0,0.0714285714285714,0.10850439882697949,0.13385826771653542,0.8,"[0.9853372434017595,0.9636752136752137,0.926056338028169,0.9029411764705882,0.8405063291139241,0.8013392857142857]","[0.10850439882697949,0.13385826771653542,0.08999999999999997,0.0714285714285714,0.0]","[-0.0058651026392961825,0.07874015748031493,0.10999999999999999,0.0625,0.4181818181818182,0.18867924528301883]",0.14203935305097595,512,36.71503809897695,36717.21186828613,35.77392813999904,0.9411099589779042,0.18822199179558083,0.19393449398921803,10029229937.463581,93495449090594,89504799168018,3990649922576,10423540400,44691744,0,0,53118888,97810632,93.27948760986328,1.5343784566539398,478.95263671875
uwave-5method,fecam,uwave,1,65,resnet18_cifar,"[0.1,0.05,0.01]",last_epoch_train_mean,0.1,1.795350431870784,280486347271782,44691744,6,545127789848,0.8375005835979766,0.7109375,0.06771393605124873,0.06771393605124873,-0.06771393605124873,3,0.06771393605124873,0.0714285714285714,0.042169802947844774,0.023622047244094446,0.027272727272727282,0.07624633431085048,0.14,1.0,"[0.967741935483871,0.8931623931623932,0.8714788732394366,0.8411764705882353,0.740506329113924,0.7109375]","[0.07624633431085048,0.023622047244094446,0.14,0.0714285714285714,0.027272727272727282]","[-0.02052785923753664,0.22834645669291342,0.18999999999999995,0.1428571428571429,0.8090909090909091,0.2264150943396226]",0.2626969572905085,512,36.57760632102145,36579.7858581543,35.63558017503237,0.9420261459890753,0.18840522919781505,0.19260328001109883,10029229937.463581,93495449090594,89504799168018,3990649922576,10423540400,44691744,0,0,53118888,97810632,93.27948760986328,1.5515459910732585,478.95263671875
uwave-5method,fecam,uwave,1,66,resnet18_cifar,"[0.1,0.05,0.01]",last_epoch_train_mean,0.1,1.8398239539058199,280486347271782,44691744,6,545127789848,0.8360797464228705,0.7120535714285714,0.0903401726543713,0.0903401726543713,-0.0903401726543713,1,0.0903401726543713,0.10999999999999999,0.06590740692787281,0.00909090909090915,0.017857142857142794,0.141732283464567,0.1730205278592376,1.0,"[0.9413489736070382,0.9102564102564102,0.8855633802816901,0.8102941176470588,0.7569620253164557,0.7120535714285714]","[0.1730205278592376,0.141732283464567,0.10999999999999999,0.017857142857142794,0.00909090909090915]","[0.017595307917888547,0.015748031496062964,0.19999999999999996,0.4642857142857143,0.19999999999999996,0.2735849056603774]",0.19520232656000722,512,36.98524168506265,36987.400634765625,36.04011066601379,0.9451310190488584,0.1890262038097717,0.19386187801137567,10029229937.463581,93495449090594,89504799168018,3990649922576,10423540400,44691744,0,0,53118888,97810632,93.27948760986328,1.5517654486367454,478.95263671875
uwave-5method,fecam,uwave,2,62,resnet18_cifar,"[0.1,0.05,0.01]",last_epoch_train_mean,0.05,1.814516290101634,286107738159462,44691744,6,526108783182,0.8268583099432173,0.7120535714285714,0.17121583673893212,0.17121583673893212,-0.17121583673893212,5,0.17121583673893212,0.16535433070866146,0.08202166142243746,0.05357142857142849,0.12101910828025475,0.22522522522522515,0.29090909090909084,1.0,"[0.9904458598726115,0.8826291079812206,0.833634719710669,0.7891566265060241,0.7532299741602068,0.7120535714285714]","[0.12101910828025475,0.05357142857142849,0.16535433070866146,0.22522522522522515,0.29090909090909084]","[0.006369426751592355,0.2410714285714286,0.31496062992125984,0.07207207207207211,0.30000000000000004,0.0901639344262295]",0.1707729152904304,512,38.173934753926005,38176.30407714844,37.240484781970736,0.9334499719552696,0.1866899943910539,0.18379384197760373,10029257927.697548,95369246053154,91378596130578,3990649922576,10423540400,44691744,0,0,53118888,97810632,93.27948760986328,1.5060110747851598,478.95263671875
uwave-5method,fecam,uwave,2,63,resnet18_cifar,"[0.1,0.05,0.01]",last_epoch_train_mean,0.1,1.8998004904600794,286107738159462,44691744,6,526108783182,0.7706052054165439,0.6450892857142857,0.06615726796728852,0.06615726796728852,-0.06615726796728852,1,0.06615726796728852,0.06306306306306297,0.03633614783175973,0.018181818181818188,0.0357142857142857,0.10236220472440946,0.11146496815286622,1.0,"[0.9904458598726115,0.8802816901408451,0.7522603978300181,0.7018072289156626,0.6537467700258398,0.6450892857142857]","[0.11146496815286622,0.0357142857142857,0.10236220472440946,0.06306306306306297,0.018181818181818188]","[0.006369426751592355,0.1071428571428572,0.6141732283464567,0.2432432432432433,0.4545454545454546,0.3278688524590164]",0.29222384374810345,512,38.14975984295597,38152.13691711426,37.21907515596831,0.9306846869876608,0.18613693739753218,0.17934716801391914,10029257927.697548,95369246053154,91378596130578,3990649922576,10423540400,44691744,0,0,53118888,97810632,93.27948760986328,1.4693427375017822,478.95263671875
uwave-5method,fecam,uwave,2,64,resnet18_cifar,"[0.1,0.05,0.01]",last_epoch_train_mean,0.1,1.936507899373838,286107738159462,44691744,6,526108783182,0.7224641202311676,0.5446428571428571,0.05362254346330779,0.05362254346330779,-0.05362254346330779,2,0.05362254346330779,0.07006369426751591,0.03191183568548847,0.0,0.03603603603603606,0.07272727272727272,0.0892857142857143,0.8,"[0.9808917197452229,0.8708920187793427,0.72875226039783,0.6475903614457831,0.562015503875969,0.5446428571428571]","[0.07006369426751591,0.0892857142857143,0.0,0.03603603603603606,0.07272727272727272]","[0.006369426751592355,0.375,0.7165354330708662,0.6666666666666666,0.8727272727272728,0.38524590163934425]",0.5037574501426237,512,38.0980230870191,38100.35380554199,37.140152286039665,0.9578708009794354,0.19157416019588708,0.19336797698633745,10029257927.697548,95369246053154,91378596130578,3990649922576,10423540400,44691744,0,0,53118888,97810632,93.27948760986328,2.007033867357677,478.95263671875
uwave-5method,fecam,uwave,2,65,resnet18_cifar,"[0.1,0.05,0.01]",last_epoch_train_mean,0.05,1.893078871668067,286107738159462,44691744,6,526108783182,0.8218398511658139,0.7332589285714286,0.1124940737847604,0.1124940737847604,-0.1124940737847604,1,0.1124940737847604,0.12612612612612617,0.06629416701794492,0.0,0.0892857142857143,0.14960629921259844,0.197452229299363,0.8,"[0.9968152866242038,0.8873239436619719,0.8209764918625678,0.766566265060241,0.7260981912144703,0.7332589285714286]","[0.197452229299363,0.0892857142857143,0.14960629921259844,0.12612612612612617,0.0]","[0.0031847133757961776,0.1339285714285714,0.3385826771653543,0.12612612612612606,0.31818181818181823,0.10655737704918034]",0.1710935472211411,512,38.0431649920647,38045.45556640625,37.106062727980316,0.9371022640843876,0.18742045281687753,0.17999483202584088,10029257927.697548,95369246053154,91378596130578,3990649922576,10423540400,44691744,0,0,53118888,97810632,93.27948760986328,1.2107421674565038,478.95263671875
uwave-5method,fecam,uwave,2,66,resnet18_cifar,"[0.1,0.05,0.01]",last_epoch_train_mean,0.1,1.8237365792490525,286107738159462,44691744,6,526108783182,0.6999375373174326,0.5323660714285714,0.11174414217370235,0.11174414217370235,-0.11174414217370235,2,0.11174414217370235,0.07874015748031496,0.10619087249674944,0.009009009009009028,0.027272727272727282,0.14012738853503182,0.30357142857142855,1.0,"[0.9585987261146497,0.8333333333333334,0.6889692585895117,0.6385542168674698,0.5478036175710594,0.5323660714285714]","[0.14012738853503182,0.30357142857142855,0.07874015748031496,0.009009009009009028,0.027272727272727282]","[0.035031847133757954,0.4285714285714286,0.7559055118110236,0.33333333333333337,0.7818181818181819,0.2622950819672131]",0.4328258974391564,512,38.098378794966266,38100.80467224121,37.15529896796215,0.9430798270041123,0.18861596540082246,0.18515759601723403,10029257927.697548,95369246053154,91378596130578,3990649922576,10423540400,44691744,0,0,53118888,97810632,93.27948760986328,2.1135960278765458,478.95263671875
uwave-5method,fecam,uwave,3,62,resnet18_cifar,"[0.1,0.05,0.01]",last_epoch_train_mean,0.1,1.796383529557367,284101534747662,44691744,6,521634410918,0.7858135578500388,0.6964285714285714,0.08067631917631915,0.08067631917631915,-0.08067631917631915,1,0.08067631917631915,0.072072072072072,0.05800310968425857,0.0,0.044642857142857095,0.12,0.16666666666666663,0.8,"[0.9506172839506173,0.8413793103448276,0.7588785046728972,0.7341576506955177,0.7334200260078023,0.6964285714285714]","[0.16666666666666663,0.072072072072072,0.12,0.044642857142857095,0.0]","[0.04012345679012341,0.19819819819819828,0.35,0.2142857142857143,0.15573770491803274,0.39370078740157477]",0.22534097693227392,512,38.481056941032875,38483.43374633789,37.558792420022655,0.92226452101022,0.18445290420204402,0.1776892989873886,10029265719.6166,94700511582554,90709861659978,3990649922576,10423540400,44691744,0,0,53118888,97810632,93.27948760986328,1.6260619542793262,478.95263671875
uwave-5method,fecam,uwave,3,63,resnet18_cifar,"[0.1,0.05,0.01]",last_epoch_train_mean,0.05,2.0115376708138624,284101534747662,44691744,6,521634410918,0.9000383948775248,0.8549107142857143,0.0176282949616283,0.0176282949616283,-0.0176282949616283,1,0.0176282949616283,0.018018018018018056,0.016004729562324238,0.0,0.0,0.030000000000000027,0.04012345679012341,0.6,"[1.0,0.8942528735632184,0.897196261682243,0.874806800618238,0.8790637191157347,0.8549107142857143]","[0.04012345679012341,0.018018018018018056,0.030000000000000027,0.0,0.0]","[-0.0030864197530864335,0.3423423423423423,0.020000000000000018,0.2142857142857143,0.0,0.19685039370078738]",0.12839867176262626,512,38.50465231097769,38506.984619140625,37.582552018982824,0.922100291994866,0.18442005839897319,0.18340315099339932,10029265719.6166,94700511582554,90709861659978,3990649922576,10423540400,44691744,0,0,53118888,97810632,93.27948760986328,1.4828847632608293,478.95263671875
uwave-5method,fecam,uwave,3,64,resnet18_cifar,"[0.1,0.05,0.01]",last_epoch_train_mean,0.1,1.7101793355259003,284101534747662,44691744,6,521634410918,0.7259438280882411,0.6127232142857143,0.07823409201551279,0.07823409201551279,-0.07823409201551279,2,0.07823409201551279,0.08000000000000007,0.05557461834164074,0.0,0.040983606557376984,0.10802469135802473,0.16216216216216217,0.8,"[0.9259259259259259,0.7655172413793103,0.7476635514018691,0.6692426584234931,0.6345903771131339,0.6127232142857143]","[0.10802469135802473,0.16216216216216217,0.08000000000000007,0.0,0.040983606557376984]","[0.0679012345679012,0.5135135135135136,0.18999999999999995,0.6607142857142857,0.4180327868852459,0.2362204724409449]",0.3477303821869819,512,38.342916060006246,38345.31408691406,37.41931270301575,0.9236033569904976,0.1847206713980995,0.17888634599512443,10029265719.6166,94700511582554,90709861659978,3990649922576,10423540400,44691744,0,0,53118888,97810632,93.27948760986328,1.8633364786962505,478.95263671875
uwave-5method,fecam,uwave,3,65,resnet18_cifar,"[0.1,0.05,0.01]",last_epoch_train_mean,0.1,1.8015618445416246,284101534747662,44691744,6,521634410918,0.801500404877117,0.6685267857142857,0.07795033128366465,0.07795033128366465,-0.07795033128366465,3,0.07795033128366465,0.0990990990990992,0.05334212548746289,0.0,0.0357142857142857,0.1049382716049383,0.15000000000000002,0.8,"[0.9814814814814815,0.8436781609195402,0.8186915887850468,0.7697063369397218,0.7269180754226268,0.6685267857142857]","[0.1049382716049383,0.0990990990990992,0.15000000000000002,0.0357142857142857,0.0]","[0.015432098765432056,0.2792792792792792,0.20999999999999996,0.375,0.3770491803278688,0.5118110236220472]",0.29476193033243786,512,38.65797159803333,38660.34413146973,37.71810918999836,0.9398624080349691,0.1879724816069938,0.1858315669815056,10029265719.6166,94700511582554,90709861659978,3990649922576,10423540400,44691744,0,0,53118888,97810632,93.27948760986328,1.6797068236493422,478.95263671875
uwave-5method,fecam,uwave,3,66,resnet18_cifar,"[0.1,0.05,0.01]",last_epoch_train_mean,0.05,1.7734604058034424,284101534747662,44691744,6,521634410918,0.8730253899416116,0.8203125,0.032240907574240904,0.032240907574240904,-0.032240907574240904,2,0.032240907574240904,0.040000000000000036,0.030287465684708664,0.0,0.0,0.04012345679012341,0.08108108108108109,0.6,"[0.9876543209876543,0.8574712643678161,0.8616822429906542,0.8670788253477589,0.8439531859557867,0.8203125]","[0.04012345679012341,0.08108108108108109,0.040000000000000036,0.0,0.0]","[0.0092592592592593,0.4864864864864865,0.08999999999999997,0.017857142857142905,0.180327868852459,0.2913385826771654]",0.1792115566887522,512,38.29809346905677,38300.583892822266,37.353615430998616,0.9444780380581506,0.1888956076116301,0.18163586902664974,10029265719.6166,94700511582554,90709861659978,3990649922576,10423540400,44691744,0,0,53118888,97810632,93.27948760986328,1.453386647296741,478.95263671875
uwave-5method,cwr_star,uwave,1,62,resnet18_cifar,"[0.1,0.05,0.01]",last_epoch_train_mean,0.05,0.0,418444041480450,44691744,6,0,0.6512072748800509,0.37723214285714285,0.3410917585081924,0.3410917585081924,-0.3410917585081924,1,0.3410917585081924,0.36000000000000004,0.23502730246279707,0.018181818181818188,0.1517857142857143,0.5039370078740157,0.6715542521994136,1.0,"[0.9882697947214076,0.8012820512820513,0.727112676056338,0.586764705882353,0.42658227848101266,0.37723214285714285]","[0.6715542521994136,0.5039370078740157,0.36000000000000004,0.1517857142857143,0.018181818181818188]","[0.0058651026392961825,0.49606299212598426,0.6,0.3392857142857143,0.09090909090909094,0.2924528301886793]",0.3040959550247942,512,54.647624853940215,54650.58544921875,34.987150720960926,19.66047413297929,3.9320948265958577,4.082312966987956,8912521372.752834,139481347160150,139481347151958,8192,1113554952,44691744,0,0,44746768,89438512,85.29521179199219,0.03787976792019825,478.95263671875
uwave-5method,cwr_star,uwave,1,63,resnet18_cifar,"[0.1,0.05,0.01]",last_epoch_train_mean,0.01,0.0,418444041480450,44691744,6,0,0.6194458383624554,0.44308035714285715,0.008131755341432758,0.008131755341432758,-0.008131755341432758,3,0.008131755341432758,0.008928571428571428,0.00757218434757656,0.0,0.0,0.011730205278592365,0.02,0.6,"[0.9912023460410557,0.7222222222222222,0.5985915492957746,0.5058823529411764,0.45569620253164556,0.44308035714285715]","[0.011730205278592365,0.0,0.02,0.008928571428571428,0.0]","[0.0,1.0,0.98,0.9642857142857143,0.7727272727272727,0.6320754716981132]",0.72484807645185,512,55.39426659792662,55397.24609375,35.55946767196292,19.834798925963696,3.9669597851927394,4.130848311004229,8912521372.752834,139481347160150,139481347151958,8192,1113554952,44691744,0,0,44746768,89438512,85.29521179199219,0.037550034513904915,478.95263671875
uwave-5method,cwr_star,uwave,1,64,resnet18_cifar,"[0.1,0.05,0.01]",last_epoch_train_mean,0.05,0.0,418444041480450,44691744,6,0,0.6324226838182624,0.4029017857142857,0.26623695608430176,0.26623695608430176,-0.26623695608430176,2,0.26623695608430176,0.04,0.36005185417595226,0.0,0.01785714285714285,0.32844574780058655,0.9448818897637795,0.8,"[0.9941348973607038,0.7564102564102564,0.6320422535211268,0.5558823529411765,0.4531645569620253,0.4029017857142857]","[0.32844574780058655,0.9448818897637795,0.04,0.01785714285714285,0.0]","[-0.0029325513196480912,0.0,0.95,0.8214285714285714,0.027272727272727337,0.9811320754716981]",0.4628168038088914,512,55.231891522940714,55234.756103515625,35.2011659470154,20.030725575925317,4.006145115185063,4.114856101979967,8912521372.752834,139481347160150,139481347151958,8192,1113554952,44691744,0,0,44746768,89438512,85.29521179199219,0.03977682263212046,478.95263671875
uwave-5method,cwr_star,uwave,1,65,resnet18_cifar,"[0.1,0.05,0.01]",last_epoch_train_mean,0.01,0.0,418444041480450,44691744,6,0,0.6779652185910047,0.49330357142857145,0.057254665197642086,0.057254665197642086,-0.057254665197642086,5,0.057254665197642086,0.055118110236220486,0.029256967733402094,0.02346041055718473,0.026785714285714284,0.09,0.09090909090909094,1.0,"[0.9941348973607038,0.8076923076923077,0.6778169014084507,0.5720588235294117,0.5227848101265823,0.49330357142857145]","[0.02346041055718473,0.055118110236220486,0.09,0.026785714285714284,0.09090909090909094]","[-0.0058651026392961825,0.6929133858267716,0.91,0.9464285714285714,0.5727272727272728,0.5849056603773585]",0.6168516312867797,512,69.60592678905232,69609.38037109375,44.64887312398059,24.957053665071726,4.991410733014345,5.087911943031941,8912521372.752834,139481347160150,139481347151958,8192,1113554952,44691744,0,0,44746768,89438512,85.29521179199219,0.046407860541616434,478.95263671875
uwave-5method,cwr_star,uwave,1,66,resnet18_cifar,"[0.1,0.05,0.01]",last_epoch_train_mean,0.1,0.0,418444041480450,44691744,6,0,0.5457084473566792,0.27455357142857145,0.7109359028068706,0.7109359028068706,-0.7109359028068706,2,0.7109359028068706,0.6920821114369502,0.16507773186614932,0.51,0.6071428571428571,0.7454545454545455,1.0,1.0,"[0.9765395894428153,0.6303418803418803,0.5580985915492958,0.5220588235294118,0.31265822784810127,0.27455357142857145]","[0.6920821114369502,1.0,0.51,0.6071428571428571,0.7454545454545455]","[-0.017595307917888547,-0.007874015748031482,0.45999999999999996,0.2767857142857143,-0.13636363636363635,-0.047169811320754707]",0.08796382382256719,512,72.38452808791772,72388.07861328125,46.16585805901559,26.218670028902125,5.243734005780425,5.4553566700196825,8912521372.752834,139481347160150,139481347151958,8192,1113554952,44691744,0,0,44746768,89438512,85.29521179199219,0.04691433702776392,478.95263671875
uwave-5method,cwr_star,uwave,2,62,resnet18_cifar,"[0.1,0.05,0.01]",last_epoch_train_mean,0.1,0.0,422194647460890,44691744,6,0,0.46953779786880223,0.2857142857142857,0.4793513983004429,0.4793513983004429,-0.4793513983004429,4,0.4793513983004429,0.625,0.35939070519523925,0.0,0.13636363636363635,0.6624203821656052,0.972972972972973,0.8,"[0.9968152866242038,0.460093896713615,0.36347197106690776,0.37650602409638556,0.33462532299741604,0.2857142857142857]","[0.6624203821656052,0.625,0.0,0.972972972972973,0.13636363636363635]","[-0.01273885350318471,0.0892857142857143,0.984251968503937,0.0,0.7636363636363637,-0.06557377049180324]",0.2931435704051712,512,75.19961557304487,75203.3701171875,48.193570839008316,27.00604473403655,5.40120894680731,5.157166175020393,8912548850.721422,140731549153630,140731549145438,8192,1113554952,44691744,0,0,44746768,89438512,85.29521179199219,0.06462153591460915,478.95263671875
uwave-5method,cwr_star,uwave,2,63,resnet18_cifar,"[0.1,0.05,0.01]",last_epoch_train_mean,0.1,0.0,422194647460890,44691744,6,0,0.6252180368150151,0.40848214285714285,0.2851433762087506,0.2851433762087506,-0.2851433762087506,1,0.2851433762087506,0.31496062992125984,0.2327563662541856,0.018018018018018056,0.01818181818181818,0.5267857142857143,0.5477707006369427,1.0,"[0.9936305732484076,0.6948356807511737,0.6184448462929476,0.552710843373494,0.48320413436692505,0.40848214285714285]","[0.5477707006369427,0.5267857142857143,0.31496062992125984,0.018018018018018056,0.01818181818181818]","[0.0031847133757961776,0.1071428571428572,-0.03149606299212604,-0.06306306306306309,0.9181818181818182,0.8524590163934426]",0.29773487983978747,512,75.12372597702779,75127.5791015625,48.32857391401194,26.79515206301585,5.35903041260317,5.242757446016185,8912548850.721422,140731549153630,140731549145438,8192,1113554952,44691744,0,0,44746768,89438512,85.29521179199219,0.04904166631344457,478.95263671875
uwave-5method,cwr_star,uwave,2,64,resnet18_cifar,"[0.1,0.05,0.01]",last_epoch_train_mean,0.1,0.0,422194647460890,44691744,6,0,0.49585777826310856,0.28683035714285715,0.6914730479031597,0.6914730479031597,-0.6914730479031597,4,0.6914730479031597,0.7038216560509554,0.1725019119630179,0.4363636363636364,0.6299212598425197,0.7142857142857143,0.972972972972973,1.0,"[0.9872611464968153,0.4671361502347418,0.4593128390596745,0.4322289156626506,0.3423772609819121,0.28683035714285715]","[0.7038216560509554,0.7142857142857143,0.6299212598425197,0.972972972972973,0.4363636363636364]","[0.0,0.008928571428571397,0.31496062992125984,0.009009009009008917,0.4545454545454546,-0.016393442622950838]",0.12850837038022397,512,77.51124641299248,77514.9755859375,50.50595593795879,27.00529047503369,5.4010580950067375,5.221378286019899,8912548850.721422,140731549153630,140731549145438,8192,1113554952,44691744,0,0,44746768,89438512,85.29521179199219,0.051360574876265934,478.95263671875
uwave-5method,cwr_star,uwave,2,65,resnet18_cifar,"[0.1,0.05,0.01]",last_epoch_train_mean,0.05,0.0,422194647460890,44691744,6,0,0.5688017870033343,0.3950892857142857,0.5268583196533445,0.5268583196533445,-0.5268583196533445,2,0.5268583196533445,0.5748031496062992,0.28522564311827975,0.0636363636363636,0.4144144144144144,0.6528662420382165,0.9285714285714286,1.0,"[0.9968152866242038,0.7230046948356808,0.47377938517179025,0.4442771084337349,0.3798449612403101,0.3950892857142857]","[0.6528662420382165,0.9285714285714286,0.5748031496062992,0.4144144144144144,0.0636363636363636]","[0.0031847133757961776,0.0714285714285714,0.1417322834645669,0.018018018018017945,0.5181818181818183,0.06557377049180324]",0.13635319582676234,512,78.69316436204826,78696.96044921875,51.21642430900829,27.476740053039975,5.495348010607995,5.344350308994763,8912548850.721422,140731549153630,140731549145438,8192,1113554952,44691744,0,0,44746768,89438512,85.29521179199219,0.05573545078212711,478.95263671875
uwave-5method,cwr_star,uwave,2,66,resnet18_cifar,"[0.1,0.05,0.01]",last_epoch_train_mean,0.1,0.0,422194647460890,44691744,6,0,0.5725740737420553,0.41517857142857145,0.3891057611346994,0.3891057611346994,-0.3891057611346994,2,0.3891057611346994,0.2755905511811023,0.30966020032028774,0.02727272727272727,0.14414414414414423,0.6592356687898089,0.8392857142857143,1.0,"[0.9936305732484076,0.6830985915492958,0.4918625678119349,0.4563253012048193,0.3953488372093023,0.41517857142857145]","[0.6592356687898089,0.8392857142857143,0.2755905511811023,0.14414414414414423,0.02727272727272727]","[0.0,0.1517857142857143,0.07086614173228356,0.0,0.9454545454545455,0.180327868852459]",0.22473904505416709,512,80.61749064299511,80621.345703125,51.55450563604245,29.06298500695266,5.8125970013905315,5.560508965980262,8912548850.721422,140731549153630,140731549145438,8192,1113554952,44691744,0,0,44746768,89438512,85.29521179199219,0.05251989620904039,478.95263671875
uwave-5method,cwr_star,uwave,3,62,resnet18_cifar,"[0.1,0.05,0.01]",last_epoch_train_mean,0.1,0.0,420856572351450,44691744,6,0,0.4457025876909366,0.33370535714285715,0.6541774502840075,0.6541774502840075,-0.6541774502840075,3,0.6541774502840075,0.7962962962962963,0.33294703251252883,0.07377049180327866,0.5089285714285714,0.8918918918918919,1.0,1.0,"[0.9969135802469136,0.38850574712643676,0.31962616822429907,0.3415765069551777,0.293888166449935,0.33370535714285715]","[0.7962962962962963,0.8918918918918919,1.0,0.5089285714285714,0.07377049180327866]","[-0.006172839506172867,0.027027027027027084,0.0,0.4910714285714286,-0.008196721311475419,-0.08661417322834641]",0.0695191202587435,512,80.31392362399492,80317.72900390625,51.23702195700025,29.076901666994672,5.8153803333989345,5.567480029014405,8912556782.33707,140285524117150,140285524108958,8192,1113554952,44691744,0,0,44746768,89438512,85.29521179199219,0.05424352126023483,478.95263671875
uwave-5method,cwr_star,uwave,3,63,resnet18_cifar,"[0.1,0.05,0.01]",last_epoch_train_mean,0.1,0.0,420856572351450,44691744,6,0,0.6650182468599203,0.47544642857142855,0.44355518867813953,0.44355518867813953,-0.44355518867813953,2,0.44355518867813953,0.4907407407407407,0.3808420663179279,0.008196721311475419,0.008928571428571397,0.8,0.9099099099099099,1.0,"[0.9969135802469136,0.7172413793103448,0.685981308411215,0.5579598145285936,0.5565669700910273,0.47544642857142855]","[0.4907407407407407,0.9099099099099099,0.8,0.008928571428571397,0.008196721311475419]","[0.0,0.027027027027026973,0.18999999999999995,0.0,0.3770491803278688,0.30708661417322836]",0.15019380358802067,512,79.32021977606928,79323.91650390625,50.55769103503553,28.762528741033748,5.752505748206749,5.610198742011562,8912556782.33707,140285524117150,140285524108958,8192,1113554952,44691744,0,0,44746768,89438512,85.29521179199219,0.05121171313606153,478.95263671875
uwave-5method,cwr_star,uwave,3,64,resnet18_cifar,"[0.1,0.05,0.01]",last_epoch_train_mean,0.1,0.0,420856572351450,44691744,6,0,0.5161176267068944,0.390625,0.641024406529871,0.641024406529871,-0.641024406529871,3,0.641024406529871,0.7067901234567902,0.3066274629723833,0.2589285714285714,0.3114754098360656,0.9279279279279279,1.0,1.0,"[1.0,0.47126436781609193,0.3925233644859813,0.41576506955177744,0.4265279583875163,0.390625]","[0.7067901234567902,0.9279279279279279,1.0,0.2589285714285714,0.3114754098360656]","[-0.006172839506172867,-0.06306306306306297,-0.020000000000000018,0.0982142857142857,0.07377049180327866,0.07874015748031493]",0.02691483873810724,512,79.83237798896153,79836.1669921875,51.37827881600242,28.454099172959104,5.690819834591821,5.462154682958499,8912556782.33707,140285524117150,140285524108958,8192,1113554952,44691744,0,0,44746768,89438512,85.29521179199219,0.05363580242244227,478.95263671875
uwave-5method,cwr_star,uwave,3,65,resnet18_cifar,"[0.1,0.05,0.01]",last_epoch_train_mean,0.1,0.0,420856572351450,44691744,6,0,0.5522503870955379,0.31473214285714285,0.6910614556789421,0.6910614556789421,-0.6910614556789421,3,0.6910614556789421,0.8395061728395061,0.3052712791893124,0.19672131147540983,0.4821428571428571,0.9369369369369369,1.0,1.0,"[1.0,0.7333333333333333,0.5364485981308411,0.40649149922720246,0.32249674902470743,0.31473214285714285]","[0.8395061728395061,0.9369369369369369,1.0,0.4821428571428571,0.19672131147540983]","[-0.0030864197530864335,-0.05405405405405406,-0.010000000000000009,0.2410714285714286,0.032786885245901565,0.11023622047244097]",0.05282567674710511,512,80.97124485101085,80975.12646484375,51.68211379798595,29.289131053024903,5.857826210604981,5.570077826967463,8912556782.33707,140285524117150,140285524108958,8192,1113554952,44691744,0,0,44746768,89438512,85.29521179199219,0.052995192098543545,478.95263671875
uwave-5method,cwr_star,uwave,3,66,resnet18_cifar,"[0.1,0.05,0.01]",last_epoch_train_mean,0.05,0.0,420856572351450,44691744,6,0,0.5255251327150893,0.42745535714285715,0.6293510422991297,0.6293510422991297,-0.6293510422991297,2,0.6293510422991297,0.6882716049382716,0.35966374183555094,0.040983606557376984,0.4375,0.98,1.0,1.0,"[0.9814814814814815,0.49885057471264366,0.4523364485981308,0.40030911901081917,0.39271781534460337,0.42745535714285715]","[0.6882716049382716,1.0,0.98,0.4375,0.040983606557376984]","[0.015432098765432056,-0.027027027027026973,0.020000000000000018,0.0,0.008196721311475419,0.11023622047244097]",0.021139668920386916,512,80.55886070698034,80562.736328125,51.42972604400711,29.12913466297323,5.825826932594646,5.591305586043745,8912556782.33707,140285524117150,140285524108958,8192,1113554952,44691744,0,0,44746768,89438512,85.29521179199219,0.05273233695593912,478.95263671875
